match_id,player1,player2,elapsed_time,set_no,game_no,point_no,p1_sets,p2_sets,p1_games,p2_games,p1_score,p2_score,server,serve_no,point_victor,p1_points_won,p2_points_won,game_victor,set_victor,p1_ace,p2_ace,p1_winner,p2_winner,winner_shot_type,p1_double_fault,p2_double_fault,p1_unf_err,p2_unf_err,p1_net_pt,p2_net_pt,p1_net_pt_won,p2_net_pt_won,p1_break_pt,p2_break_pt,p1_break_pt_won,p2_break_pt_won,p1_break_pt_missed,p2_break_pt_missed,p1_distance_run,p2_distance_run,rally_count,speed_mph,serve_width,serve_depth,return_depth,momentum_value_diff,momentum_value_diff_cumsum,performance_diff_cumsum
2023-wimbledon-1701,Carlos Alcaraz,Novak Djokovic,0:00:00,1,1,1,0,0,0,0,0,0,2,1,2,0,1,0,0,0,0,0,0,0,0,0,0,0,0,0,0,0,0,0,0,0,0,0,5.661,4.341,1,111,W,CTL,D,-0.000342632,-0.000342632,-0.4
2023-wimbledon-1701,Carlos Alcaraz,Novak Djokovic,0:00:25,1,1,2,0,0,0,0,0,15,2,1,1,1,1,0,0,0,0,0,0,0,0,0,0,0,0,0,0,0,0,0,0,0,0,0,18.502,22.307,4,126,BW,NCTL,ND,-0.000342632,-0.000685264,0.2
2023-wimbledon-1701,Carlos Alcaraz,Novak Djokovic,0:01:19,1,1,3,0,0,0,0,15,15,2,2,1,2,1,0,0,0,0,1,0,F,0,0,0,0,0,0,0,0,0,0,0,0,0,0,4.786,2.926,2,102,BW,NCTL,ND,-0.000342632,-0.001027896,0.8
2023-wimbledon-1701,Carlos Alcaraz,Novak Djokovic,0:02:17,1,1,4,0,0,0,0,30,15,2,2,2,2,2,0,0,0,0,0,0,0,0,0,0,0,0,0,0,0,0,0,0,0,0,0,4.907,4.209,1,120,BC,CTL,ND,-0.000342632,-0.001370528,0.4
2023-wimbledon-1701,Carlos Alcaraz,Novak Djokovic,0:03:02,1,1,5,0,0,0,0,30,30,2,1,1,3,2,0,0,0,0,0,0,0,0,0,0,1,0,1,0,0,0,0,0,0,0,0,12.881,8.676,2,108,W,CTL,ND,0.173643091,0.172272562,1
2023-wimbledon-1701,Carlos Alcaraz,Novak Djokovic,0:03:38,1,1,6,0,0,0,0,40,30,2,1,2,3,3,0,0,0,0,0,0,0,0,0,0,0,0,0,0,0,1,0,0,0,1,0,7.293,7.704,1,127,W,NCTL,D,-0.161854017,0.010418545,0.6
2023-wimbledon-1701,Carlos Alcaraz,Novak Djokovic,0:04:05,1,1,7,0,0,0,0,40,40,2,1,2,3,4,0,0,0,0,0,1,F,0,0,0,0,0,1,0,1,0,0,0,0,0,0,23.283,19.531,5,111,W,CTL,ND,-0.171267084,-0.160848539,0.2
2023-wimbledon-1701,Carlos Alcaraz,Novak Djokovic,0:04:41,1,1,8,0,0,0,0,40,AD,2,1,1,4,4,0,0,0,0,0,0,0,0,0,0,0,0,0,0,0,0,0,0,0,0,0,23.179,24.58,6,124,BW,NCTL,D,-0.000342632,-0.161191171,0.8
2023-wimbledon-1701,Carlos Alcaraz,Novak Djokovic,0:06:03,1,1,9,0,0,0,0,40,40,2,1,2,4,5,0,0,0,0,0,0,0,0,0,1,0,0,0,0,0,0,0,0,0,0,0,29.115,28.599,7,127,C,NCTL,D,-0.173539494,-0.334730665,0.4
2023-wimbledon-1701,Carlos Alcaraz,Novak Djokovic,0:06:43,1,1,10,0,0,0,0,40,AD,2,1,2,4,6,2,0,0,0,0,0,0,0,0,0,0,0,0,0,0,0,0,0,0,0,0,8.941,7.816,1,125,W,CTL,ND,-0.000342632,-0.335073297,-2.22E-16
2023-wimbledon-1701,Carlos Alcaraz,Novak Djokovic,0:08:02,1,2,11,0,0,0,1,0,0,1,1,2,4,7,0,0,0,0,0,0,0,0,0,1,0,0,0,0,0,0,0,0,0,0,0,5.54,10.329,2,123,BW,NCTL,ND,-0.173539494,-0.50861279,-0.6
2023-wimbledon-1701,Carlos Alcaraz,Novak Djokovic,0:08:28,1,2,12,0,0,0,1,0,15,1,1,2,4,8,0,0,0,0,0,1,F,0,0,0,0,0,0,0,0,0,0,0,0,0,0,16.819,20.001,6,119,C,NCTL,ND,-0.000342632,-0.508955422,-1.2
2023-wimbledon-1701,Carlos Alcaraz,Novak Djokovic,0:09:22,1,2,13,0,0,0,1,0,30,1,2,2,4,9,0,0,0,0,0,0,0,0,0,1,0,0,0,0,0,0,0,0,0,0,0,21.482,23.589,6,107,B,NCTL,D,-0.173539494,-0.682494916,-1.8
2023-wimbledon-1701,Carlos Alcaraz,Novak Djokovic,0:10:25,1,2,14,0,0,0,1,0,40,1,1,1,5,9,0,0,0,0,0,0,0,0,0,0,0,0,0,0,0,0,1,0,0,0,1,9.876,15.338,3,121,C,CTL,ND,0.160563051,-0.521931865,-1.4
2023-wimbledon-1701,Carlos Alcaraz,Novak Djokovic,0:10:57,1,2,15,0,0,0,1,15,40,1,1,1,6,9,0,0,0,0,1,0,F,0,0,0,0,0,0,0,0,0,1,0,0,0,1,7.638,7.393,3,128,BC,NCTL,ND,0.160563051,-0.361368814,-1
2023-wimbledon-1701,Carlos Alcaraz,Novak Djokovic,0:11:29,1,2,16,0,0,0,1,30,40,1,2,2,6,10,2,0,0,0,0,0,0,0,0,0,0,0,0,0,0,0,1,0,1,0,0,21.88,18.532,4,101,BW,NCTL,D,-0.164595277,-0.525964091,-1.6
2023-wimbledon-1701,Carlos Alcaraz,Novak Djokovic,0:12:45,1,3,17,0,0,0,2,0,0,2,1,2,6,11,0,0,0,0,0,0,0,0,0,1,0,1,0,0,0,0,0,0,0,0,0,20.078,18.607,5,122,C,NCTL,D,-0.173539494,-0.699503585,-2
2023-wimbledon-1701,Carlos Alcaraz,Novak Djokovic,0:13:23,1,3,18,0,0,0,2,0,15,2,2,1,7,11,0,0,0,0,0,0,0,0,0,0,1,0,0,0,0,0,0,0,0,0,0,29.805,34.701,8,107,C,NCTL,D,0.173643091,-0.525860494,-1.4
2023-wimbledon-1701,Carlos Alcaraz,Novak Djokovic,0:14:24,1,3,19,0,0,0,2,15,15,2,2,1,8,11,0,0,0,0,0,0,0,0,0,0,0,0,0,0,0,0,0,0,0,0,0,31.981,29.821,8,85,C,NCTL,D,-0.000342632,-0.526203126,-0.8
2023-wimbledon-1701,Carlos Alcaraz,Novak Djokovic,0:15:30,1,3,20,0,0,0,2,30,15,2,2,2,8,12,0,0,0,0,0,0,0,0,0,0,0,0,1,0,1,0,0,0,0,0,0,93.364,89.698,21,88,BW,NCTL,ND,-0.171267084,-0.697470211,-1.2
2023-wimbledon-1701,Carlos Alcaraz,Novak Djokovic,0:17:03,1,3,21,0,0,0,2,30,30,2,1,2,8,13,0,0,0,0,0,0,0,0,0,0,0,0,1,0,1,0,0,0,0,0,0,48.241,32.83,5,121,C,NCTL,ND,-0.171267084,-0.868737295,-1.6
2023-wimbledon-1701,Carlos Alcaraz,Novak Djokovic,0:18:02,1,3,22,0,0,0,2,30,40,2,1,2,8,14,2,0,0,1,0,1,0,0,0,0,0,0,0,0,0,0,0,0,0,0,0,0.669,0.492,1,121,C,NCTL,,-0.167313837,-1.036051132,-2
2023-wimbledon-1701,Carlos Alcaraz,Novak Djokovic,0:19:49,1,4,23,0,0,0,3,0,0,1,1,2,8,15,0,0,0,0,0,0,0,0,0,0,0,0,0,0,0,0,0,0,0,0,0,12.278,14.266,2,108,W,CTL,D,-0.000342632,-1.036393764,-2.6
2023-wimbledon-1701,Carlos Alcaraz,Novak Djokovic,0:20:15,1,4,24,0,0,0,3,0,15,1,1,1,9,15,0,0,0,0,0,0,0,0,0,0,0,0,0,0,0,0,0,0,0,0,0,2.783,7.056,1,128,BW,NCTL,ND,-0.000342632,-1.036736396,-2.2
2023-wimbledon-1701,Carlos Alcaraz,Novak Djokovic,0:20:38,1,4,25,0,0,0,3,15,15,1,1,2,9,16,0,0,0,0,0,0,0,0,0,0,0,0,0,0,0,0,0,0,0,0,0,30.865,26.119,6,128,C,NCTL,D,-0.000342632,-1.037079028,-2.8
2023-wimbledon-1701,Carlos Alcaraz,Novak Djokovic,0:21:15,1,4,26,0,0,0,3,15,30,1,1,2,9,17,0,0,0,0,0,0,0,0,0,1,0,0,0,0,0,0,0,0,0,0,0,27.744,38.992,8,117,C,NCTL,D,-0.173539494,-1.210618522,-3.4
2023-wimbledon-1701,Carlos Alcaraz,Novak Djokovic,0:21:55,1,4,27,0,0,0,3,15,40,1,2,1,10,17,0,0,0,0,0,0,0,0,0,0,0,0,0,0,0,0,1,0,0,0,1,12.367,12.258,3,110,B,CTL,D,0.160563051,-1.050055471,-3
2023-wimbledon-1701,Carlos Alcaraz,Novak Djokovic,0:22:36,1,4,28,0,0,0,3,30,40,1,1,1,11,17,0,0,0,0,1,0,0,0,0,0,0,0,0,0,0,0,1,0,0,0,1,5.683,5.84,1,128,BW,CTL,ND,0.160563051,-0.88949242,-2.6
2023-wimbledon-1701,Carlos Alcaraz,Novak Djokovic,0:23:16,1,4,29,0,0,0,3,40,40,1,2,2,11,18,0,0,0,0,0,0,0,0,0,0,0,0,0,0,0,0,0,0,0,0,0,35.456,41.723,10,98,C,NCTL,ND,-0.000342632,-0.889835052,-3.2
2023-wimbledon-1701,Carlos Alcaraz,Novak Djokovic,0:24:11,1,4,30,0,0,0,3,40,AD,1,2,2,11,19,2,0,0,0,0,0,0,0,0,0,0,0,0,0,0,0,1,0,1,0,0,11.067,10.59,2,95,BW,NCTL,ND,-0.164595277,-1.054430328,-3.8
2023-wimbledon-1701,Carlos Alcaraz,Novak Djokovic,0:25:06,1,5,31,0,0,0,4,0,0,2,1,2,11,20,0,0,0,0,0,0,0,0,0,0,0,0,0,0,0,0,0,0,0,0,0,5.873,3.741,1,108,W,CTL,D,-0.000342632,-1.05477296,-4.2
2023-wimbledon-1701,Carlos Alcaraz,Novak Djokovic,0:25:28,1,5,32,0,0,0,4,0,15,2,1,2,11,21,0,0,0,0,0,0,0,0,0,1,0,0,0,0,0,0,0,0,0,0,0,13.029,12.57,3,126,W,CTL,D,-0.173539494,-1.228312454,-4.6
2023-wimbledon-1701,Carlos Alcaraz,Novak Djokovic,0:25:57,1,5,33,0,0,0,4,0,30,2,1,1,12,21,0,0,0,0,1,0,B,0,0,0,0,0,1,0,0,0,0,0,0,0,0,13.896,16.397,4,111,BW,NCTL,ND,-0.000342632,-1.228655086,-4
2023-wimbledon-1701,Carlos Alcaraz,Novak Djokovic,0:26:33,1,5,34,0,0,0,4,15,30,2,1,2,12,22,0,0,0,0,0,0,0,0,0,1,0,0,0,0,0,0,0,0,0,0,0,26.566,27.069,5,125,W,CTL,D,-0.173539494,-1.40219458,-4.4
2023-wimbledon-1701,Carlos Alcaraz,Novak Djokovic,0:27:10,1,5,35,0,0,0,4,15,40,2,1,2,12,23,2,0,0,0,0,1,F,0,0,0,0,0,1,0,1,0,0,0,0,0,0,14.297,10.323,3,121,C,NCTL,,-0.171267084,-1.573461664,-4.8
2023-wimbledon-1701,Carlos Alcaraz,Novak Djokovic,0:28:47,1,6,36,0,0,0,5,0,0,1,1,1,13,23,0,0,0,0,1,0,F,0,0,0,0,1,0,1,0,0,0,0,0,0,0,9.156,12.607,3,129,C,NCTL,,0.169764682,-1.403696982,-4.4
2023-wimbledon-1701,Carlos Alcaraz,Novak Djokovic,0:29:15,1,6,37,0,0,0,5,15,0,1,1,1,14,23,0,0,0,0,0,0,0,0,0,0,0,0,0,0,0,0,0,0,0,0,0,9.453,10.305,1,131,W,CTL,D,-0.000342632,-1.404039614,-4
2023-wimbledon-1701,Carlos Alcaraz,Novak Djokovic,0:29:37,1,6,38,0,0,0,5,30,0,1,2,2,14,24,0,0,0,0,0,0,0,0,0,1,0,0,0,0,0,0,0,0,0,0,0,6.807,10.082,2,103,BC,NCTL,ND,-0.173539494,-1.577579108,-4.6
2023-wimbledon-1701,Carlos Alcaraz,Novak Djokovic,0:30:15,1,6,39,0,0,0,5,30,15,1,2,2,14,25,0,0,0,0,0,0,0,1,0,1,0,0,0,0,0,0,0,0,0,0,0,1.076,2.058,0,,C,CTL,,-0.336340313,-1.913919421,-5.2
2023-wimbledon-1701,Carlos Alcaraz,Novak Djokovic,0:30:55,1,6,40,0,0,0,5,30,30,1,1,1,15,25,0,0,0,0,1,0,F,0,0,0,0,1,0,1,0,0,0,0,0,0,0,33.492,57.879,9,130,B,NCTL,D,0.169764682,-1.744154739,-4.8
2023-wimbledon-1701,Carlos Alcaraz,Novak Djokovic,0:31:36,1,6,41,0,0,0,5,40,30,1,1,1,16,25,1,0,0,0,1,0,F,0,0,0,0,0,1,0,0,0,0,0,0,0,0,16.193,17.993,5,118,C,NCTL,D,-0.000342632,-1.744497371,-4.4
2023-wimbledon-1701,Carlos Alcaraz,Novak Djokovic,0:32:28,1,7,42,0,0,1,5,0,0,2,1,2,16,26,0,0,0,0,0,0,0,0,0,0,0,0,0,0,0,0,0,0,0,0,0,31.957,36.872,9,117,C,NCTL,D,-0.000342632,-1.744840003,-4.8
2023-wimbledon-1701,Carlos Alcaraz,Novak Djokovic,0:33:11,1,7,43,0,0,1,5,0,15,2,2,2,16,27,0,0,0,0,0,0,0,0,0,0,0,0,1,0,1,0,0,0,0,0,0,8.491,10.737,3,110,C,NCTL,ND,-0.171267084,-1.916107088,-5.2
2023-wimbledon-1701,Carlos Alcaraz,Novak Djokovic,0:33:55,1,7,44,0,0,1,5,0,30,2,1,2,16,28,0,0,0,0,0,0,0,0,0,0,0,0,0,0,0,0,0,0,0,0,0,4.404,3.146,1,120,C,NCTL,ND,-0.000342632,-1.91644972,-5.6
2023-wimbledon-1701,Carlos Alcaraz,Novak Djokovic,0:34:19,1,7,45,0,0,1,5,0,40,2,1,2,16,29,2,2,0,0,0,1,F,0,0,0,0,0,1,0,1,0,0,0,0,0,0,13.498,14.462,5,125,W,CTL,ND,-0.171267084,-2.087716804,-6
2023-wimbledon-1701,Carlos Alcaraz,Novak Djokovic,0:36:28,2,1,46,0,1,0,0,0,0,1,1,1,17,29,0,0,0,0,0,0,0,0,0,0,0,1,0,1,0,0,0,0,0,0,0,24.951,17.213,3,114,W,CTL,ND,0.169764682,0.169764682,0.4
2023-wimbledon-1701,Carlos Alcaraz,Novak Djokovic,0:36:58,2,1,47,0,1,0,0,15,0,1,1,2,17,30,0,0,0,0,0,0,0,0,0,0,0,0,1,0,1,0,0,0,0,0,0,34.923,42.752,6,129,W,NCTL,ND,-0.171267084,-0.001502402,-0.2
2023-wimbledon-1701,Carlos Alcaraz,Novak Djokovic,0:37:34,2,1,48,0,1,0,0,15,15,1,1,1,18,30,0,0,0,0,0,0,0,0,0,0,0,1,0,1,0,0,0,0,0,0,0,19.28,18.009,5,126,B,CTL,ND,0.169764682,0.16826228,0.2
2023-wimbledon-1701,Carlos Alcaraz,Novak Djokovic,0:38:07,2,1,49,0,1,0,0,30,15,1,1,1,19,30,0,0,0,0,0,0,0,0,0,0,0,1,0,1,0,0,0,0,0,0,0,5.36,5.703,1,117,W,NCTL,ND,0.169764682,0.338026962,0.6
2023-wimbledon-1701,Carlos Alcaraz,Novak Djokovic,0:38:34,2,1,50,0,1,0,0,40,15,1,1,1,20,30,1,0,0,0,0,0,0,0,0,0,0,0,0,0,0,0,0,0,0,0,0,9.236,8.897,1,126,BC,NCTL,ND,-0.000342632,0.33768433,1
2023-wimbledon-1701,Carlos Alcaraz,Novak Djokovic,0:39:35,2,2,51,0,1,1,0,0,0,2,2,1,21,30,0,0,0,0,0,0,0,0,1,0,1,0,0,0,0,0,0,0,0,0,0,1.424,0.9,0,,BC,NCTL,,0.336603383,0.674287713,1.6
2023-wimbledon-1701,Carlos Alcaraz,Novak Djokovic,0:40:32,2,2,52,0,1,1,0,15,0,2,2,1,22,30,0,0,0,0,0,0,0,0,0,0,0,0,0,0,0,0,0,0,0,0,0,20.745,25.107,6,94,B,NCTL,ND,-0.000342632,0.673945081,2.2
2023-wimbledon-1701,Carlos Alcaraz,Novak Djokovic,0:41:29,2,2,53,0,1,1,0,30,0,2,1,2,22,31,0,0,0,0,0,1,B,0,0,0,0,0,1,0,1,0,0,0,0,0,0,24.814,18.005,5,111,BW,NCTL,ND,-0.171267084,0.502677996,1.8
2023-wimbledon-1701,Carlos Alcaraz,Novak Djokovic,0:42:10,2,2,54,0,1,1,0,30,15,2,2,2,22,32,0,0,0,0,0,1,F,0,0,0,0,0,1,0,1,0,0,0,0,0,0,33.497,30.332,9,107,C,NCTL,D,-0.171267084,0.331410912,1.4
2023-wimbledon-1701,Carlos Alcaraz,Novak Djokovic,0:43:16,2,2,55,0,1,1,0,30,30,2,2,2,22,33,0,0,0,0,0,0,0,0,0,1,0,0,0,0,0,0,0,0,0,0,0,3.971,3.523,1,94,BW,NCTL,D,-0.173539494,0.157871418,1
2023-wimbledon-1701,Carlos Alcaraz,Novak Djokovic,0:44:16,2,2,56,0,1,1,0,30,40,2,2,1,23,33,0,0,0,0,1,0,F,0,0,0,0,0,0,0,0,0,0,0,0,0,0,35.076,43.824,10,86,B,NCTL,D,-0.000342632,0.157528786,1.6
2023-wimbledon-1701,Carlos Alcaraz,Novak Djokovic,0:45:23,2,2,57,0,1,1,0,40,40,2,2,1,24,33,0,0,0,0,0,0,0,0,0,0,1,0,1,0,0,0,0,0,0,0,0,16.727,15.5,2,104,W,CTL,ND,0.173643091,0.331171877,2.2
2023-wimbledon-1701,Carlos Alcaraz,Novak Djokovic,0:46:38,2,2,58,0,1,1,0,AD,40,2,1,2,24,34,0,0,0,0,0,0,0,0,0,0,0,0,0,0,0,1,0,0,0,1,0,7.052,6.806,1,118,BC,NCTL,D,-0.161854017,0.16931786,1.8
2023-wimbledon-1701,Carlos Alcaraz,Novak Djokovic,0:47:10,2,2,59,0,1,1,0,40,40,2,1,1,25,34,0,0,0,0,0,0,0,0,0,0,1,0,1,0,0,0,0,0,0,0,0,31.842,31.118,8,113,W,NCTL,ND,0.173643091,0.34296095,2.4
2023-wimbledon-1701,Carlos Alcaraz,Novak Djokovic,0:48:01,2,2,60,0,1,1,0,AD,40,2,1,1,26,34,1,0,0,0,0,0,0,0,0,0,1,0,0,0,0,1,0,1,0,0,0,23.419,14.041,4,116,C,CTL,ND,0.338486123,0.681447074,3
2023-wimbledon-1701,Carlos Alcaraz,Novak Djokovic,0:48:48,2,3,61,0,1,2,0,0,0,1,2,2,26,35,0,0,0,0,0,0,0,1,0,1,0,0,0,0,0,0,0,0,0,0,0,5.897,5.002,0,,B,CTL,ND,-0.336340313,0.34510676,2.4
2023-wimbledon-1701,Carlos Alcaraz,Novak Djokovic,0:49:32,2,3,62,0,1,2,0,0,15,1,2,1,27,35,0,0,0,0,1,0,F,0,0,0,0,1,0,1,0,0,0,0,0,0,0,22.24,23.472,7,93,B,NCTL,ND,0.169764682,0.514871442,2.8
2023-wimbledon-1701,Carlos Alcaraz,Novak Djokovic,0:50:22,2,3,63,0,1,2,0,15,15,1,1,1,28,35,0,0,0,0,1,0,F,0,0,0,0,0,0,0,0,0,0,0,0,0,0,70.345,65.676,19,125,B,NCTL,ND,-0.000342632,0.51452881,3.2
2023-wimbledon-1701,Carlos Alcaraz,Novak Djokovic,0:51:25,2,3,64,0,1,2,0,30,15,1,1,2,28,36,0,0,0,0,0,1,F,0,0,0,0,1,0,0,0,0,0,0,0,0,0,23.891,17.817,4,120,W,NCTL,,-0.000342632,0.514186178,2.6
2023-wimbledon-1701,Carlos Alcaraz,Novak Djokovic,0:52:06,2,3,65,0,1,2,0,30,30,1,2,1,29,36,0,0,0,0,0,0,0,0,0,0,0,0,0,0,0,0,0,0,0,0,0,9.203,8.788,1,112,BC,NCTL,D,-0.000342632,0.513843546,3
2023-wimbledon-1701,Carlos Alcaraz,Novak Djokovic,0:52:49,2,3,66,0,1,2,0,40,30,1,1,2,29,37,0,0,0,0,0,0,0,0,0,1,0,0,0,0,0,0,0,0,0,0,0,37.449,35.296,8,122,C,NCTL,D,-0.173539494,0.340304053,2.4
2023-wimbledon-1701,Carlos Alcaraz,Novak Djokovic,0:53:31,2,3,67,0,1,2,0,40,40,1,1,2,29,38,0,0,0,0,0,0,0,0,0,0,0,0,1,0,1,0,0,0,0,0,0,17.41,29.453,4,115,BC,CTL,ND,-0.171267084,0.169036968,1.8
2023-wimbledon-1701,Carlos Alcaraz,Novak Djokovic,0:54:08,2,3,68,0,1,2,0,40,AD,1,2,2,29,39,2,0,0,0,0,0,0,0,0,1,0,0,0,0,0,0,1,0,1,0,0,40.601,51.537,14,92,BW,NCTL,ND,-0.337792138,-0.16875517,1.2
2023-wimbledon-1701,Carlos Alcaraz,Novak Djokovic,0:56:40,2,4,69,0,1,2,1,0,0,2,1,1,30,39,0,0,0,0,0,0,0,0,0,0,1,0,1,0,0,0,0,0,0,0,0,23.385,16.1,4,109,W,CTL,ND,0.173643091,0.00488792,1.8
2023-wimbledon-1701,Carlos Alcaraz,Novak Djokovic,0:57:17,2,4,70,0,1,2,1,15,0,2,2,1,31,39,0,0,0,0,0,0,0,0,0,0,0,0,0,0,0,0,0,0,0,0,0,35.028,25.613,6,109,C,NCTL,ND,-0.000342632,0.004545288,2.4
2023-wimbledon-1701,Carlos Alcaraz,Novak Djokovic,0:58:25,2,4,71,0,1,2,1,30,0,2,2,2,31,40,0,0,0,0,0,0,0,0,0,1,0,1,0,0,0,0,0,0,0,0,0,15.211,15.539,3,92,BC,NCTL,D,-0.173539494,-0.168994205,2
2023-wimbledon-1701,Carlos Alcaraz,Novak Djokovic,0:59:14,2,4,72,0,1,2,1,30,15,2,1,2,31,41,0,0,0,0,0,0,0,0,0,0,0,0,0,0,0,0,0,0,0,0,0,4.333,4.169,1,121,BW,CTL,D,-0.000342632,-0.169336837,1.6
2023-wimbledon-1701,Carlos Alcaraz,Novak Djokovic,1:00:04,2,4,73,0,1,2,1,30,30,2,2,1,32,41,0,0,0,0,0,0,0,0,0,0,0,0,0,0,0,0,0,0,0,0,0,7.486,6.882,2,99,BW,NCTL,D,-0.000342632,-0.169679469,2.2
2023-wimbledon-1701,Carlos Alcaraz,Novak Djokovic,1:01:00,2,4,74,0,1,2,1,40,30,2,1,2,32,42,0,0,0,0,0,0,0,0,0,1,0,0,0,0,0,1,0,0,0,1,0,120.712,93.426,29,118,BW,NCTL,ND,-0.335050879,-0.504730348,1.8
2023-wimbledon-1701,Carlos Alcaraz,Novak Djokovic,1:02:27,2,4,75,0,1,2,1,40,40,2,1,2,32,43,0,0,0,0,0,1,F,0,0,0,0,0,1,0,1,0,0,0,0,0,0,23.661,26.537,5,110,C,NCTL,D,-0.171267084,-0.675997433,1.4
2023-wimbledon-1701,Carlos Alcaraz,Novak Djokovic,1:03:10,2,4,76,0,1,2,1,40,AD,2,1,2,32,44,2,0,0,0,0,0,0,0,0,0,0,0,0,0,0,0,0,0,0,0,0,5.38,4.131,1,122,W,CTL,ND,-0.000342632,-0.676340065,1
2023-wimbledon-1701,Carlos Alcaraz,Novak Djokovic,1:03:48,2,5,77,0,1,2,2,0,0,1,2,2,32,45,0,0,0,0,0,0,0,0,0,1,0,0,0,0,0,0,0,0,0,0,0,38.935,38.632,10,105,B,NCTL,ND,-0.173539494,-0.849879558,0.4
2023-wimbledon-1701,Carlos Alcaraz,Novak Djokovic,1:04:49,2,5,78,0,1,2,2,0,15,1,1,1,33,45,0,0,0,0,1,0,0,0,0,0,0,0,0,0,0,0,0,0,0,0,0,6.85,4.499,1,126,W,CTL,,-0.000342632,-0.85022219,0.8
2023-wimbledon-1701,Carlos Alcaraz,Novak Djokovic,1:05:15,2,5,79,0,1,2,2,15,15,1,1,1,34,45,0,0,0,0,0,0,0,0,0,0,1,0,0,0,0,0,0,0,0,0,0,9.265,19.026,3,113,W,NCTL,D,0.173643091,-0.6765791,1.2
2023-wimbledon-1701,Carlos Alcaraz,Novak Djokovic,1:05:42,2,5,80,0,1,2,2,30,15,1,1,1,35,45,0,0,0,0,0,0,0,0,0,0,0,1,0,1,0,0,0,0,0,0,0,28.725,24.977,7,126,C,NCTL,ND,0.169764682,-0.506814418,1.6
2023-wimbledon-1701,Carlos Alcaraz,Novak Djokovic,1:06:16,2,5,81,0,1,2,2,40,15,1,1,2,35,46,0,0,0,0,0,0,0,0,0,0,0,0,0,0,0,0,0,0,0,0,0,6.492,6.408,2,132,C,NCTL,D,-0.000342632,-0.50715705,1
2023-wimbledon-1701,Carlos Alcaraz,Novak Djokovic,1:06:42,2,5,82,0,1,2,2,40,30,1,1,2,35,47,0,0,0,0,0,0,0,0,0,0,0,0,1,0,1,0,0,0,0,0,0,42.899,46.159,10,128,BW,NCTL,D,-0.171267084,-0.678424134,0.4
2023-wimbledon-1701,Carlos Alcaraz,Novak Djokovic,1:07:32,2,5,83,0,1,2,2,40,40,1,1,1,36,47,0,0,0,0,1,0,B,0,0,0,0,1,0,1,0,0,0,0,0,0,0,21.602,43.401,5,116,B,NCTL,ND,0.169764682,-0.508659452,0.8
2023-wimbledon-1701,Carlos Alcaraz,Novak Djokovic,1:08:08,2,5,84,0,1,2,2,AD,40,1,1,2,36,48,0,0,0,0,0,1,F,0,0,0,0,0,0,0,0,0,0,0,0,0,0,10.362,11.423,4,123,C,CTL,D,-0.000342632,-0.509002084,0.2
2023-wimbledon-1701,Carlos Alcaraz,Novak Djokovic,1:08:35,2,5,85,0,1,2,2,40,40,1,2,1,37,48,0,0,0,0,0,0,0,0,0,0,0,0,0,0,0,0,0,0,0,0,0,3.258,3.384,1,124,BC,NCTL,ND,-0.000342632,-0.509344716,0.6
2023-wimbledon-1701,Carlos Alcaraz,Novak Djokovic,1:09:18,2,5,86,0,1,2,2,AD,40,1,1,1,38,48,1,0,0,0,0,0,0,0,0,0,1,0,0,0,0,0,0,0,0,0,0,12.167,14.734,3,115,B,CTL,ND,0.173643091,-0.335701626,1
2023-wimbledon-1701,Carlos Alcaraz,Novak Djokovic,1:11:20,2,6,87,0,1,3,2,0,0,2,1,1,39,48,0,0,0,0,1,0,B,0,0,0,0,0,1,0,0,0,0,0,0,0,0,66.55,79.221,18,122,C,CTL,D,-0.000342632,-0.336044258,1.6
2023-wimbledon-1701,Carlos Alcaraz,Novak Djokovic,1:12:26,2,6,88,0,1,3,2,15,0,2,2,1,40,48,0,0,0,0,1,0,B,0,0,0,0,0,0,0,0,0,0,0,0,0,0,29.367,32.868,10,95,BW,NCTL,ND,-0.000342632,-0.33638689,2.2
2023-wimbledon-1701,Carlos Alcaraz,Novak Djokovic,1:13:52,2,6,89,0,1,3,2,30,0,2,2,2,40,49,0,0,0,0,0,0,0,0,0,0,0,0,0,0,0,0,0,0,0,0,0,4.812,4.053,1,101,BW,NCTL,D,-0.000342632,-0.336729522,1.8
2023-wimbledon-1701,Carlos Alcaraz,Novak Djokovic,1:14:39,2,6,90,0,1,3,2,30,15,2,1,2,40,50,0,0,0,0,0,1,F,0,0,0,0,0,0,0,0,0,0,0,0,0,0,10.234,7.26,3,115,C,NCTL,D,-0.000342632,-0.337072154,1.4
2023-wimbledon-1701,Carlos Alcaraz,Novak Djokovic,1:15:16,2,6,91,0,1,3,2,30,30,2,2,2,40,51,0,0,0,0,0,0,0,0,0,0,0,0,0,0,0,0,0,0,0,0,0,6.781,8.749,1,84,B,NCTL,D,-0.000342632,-0.337414786,1
2023-wimbledon-1701,Carlos Alcaraz,Novak Djokovic,1:16:02,2,6,92,0,1,3,2,30,40,2,1,2,40,52,2,0,0,0,0,0,0,0,0,0,0,0,0,0,0,0,0,0,0,0,0,6.068,5.941,1,124,BW,CTL,D,-0.000342632,-0.337757418,0.6
2023-wimbledon-1701,Carlos Alcaraz,Novak Djokovic,1:16:45,2,7,93,0,1,3,3,0,0,1,2,1,41,52,0,0,0,0,1,0,F,0,0,0,0,1,0,1,0,0,0,0,0,0,0,22.137,24.886,7,109,B,NCTL,ND,0.169764682,-0.167992736,1
2023-wimbledon-1701,Carlos Alcaraz,Novak Djokovic,1:17:34,2,7,94,0,1,3,3,15,0,1,1,1,42,52,0,0,0,0,1,0,B,0,0,0,0,0,1,0,0,0,0,0,0,0,0,67.927,70.53,11,129,W,NCTL,ND,-0.000342632,-0.168335368,1.4
2023-wimbledon-1701,Carlos Alcaraz,Novak Djokovic,1:18:29,2,7,95,0,1,3,3,30,0,1,2,1,43,52,0,0,0,0,1,0,F,0,0,0,0,0,0,0,0,0,0,0,0,0,0,7.749,7.248,3,100,BC,NCTL,ND,-0.000342632,-0.168678,1.8
2023-wimbledon-1701,Carlos Alcaraz,Novak Djokovic,1:19:11,2,7,96,0,1,3,3,40,0,1,1,1,44,52,1,0,1,0,1,0,0,0,0,0,0,0,0,0,0,0,0,0,0,0,0,0.694,0.879,1,119,W,CTL,,0.167197955,-0.001480045,2.2
2023-wimbledon-1701,Carlos Alcaraz,Novak Djokovic,1:21:22,2,8,97,0,1,4,3,0,0,2,2,2,44,53,0,0,0,0,0,1,F,0,0,0,0,0,0,0,0,0,0,0,0,0,0,10.209,8.91,3,104,BW,NCTL,ND,-0.000342632,-0.001822677,1.8
2023-wimbledon-1701,Carlos Alcaraz,Novak Djokovic,1:22:31,2,8,98,0,1,4,3,0,15,2,1,1,45,53,0,0,0,0,0,0,0,0,0,0,0,0,0,0,0,0,0,0,0,0,0,47.513,40.412,12,115,C,NCTL,ND,-0.000342632,-0.002165309,2.4
2023-wimbledon-1701,Carlos Alcaraz,Novak Djokovic,1:23:20,2,8,99,0,1,4,3,15,15,2,2,2,45,54,0,0,0,0,0,0,0,0,0,0,0,0,0,0,0,0,0,0,0,0,0,35.813,32.302,9,91,C,NCTL,ND,-0.000342632,-0.002507941,2
2023-wimbledon-1701,Carlos Alcaraz,Novak Djokovic,1:24:23,2,8,100,0,1,4,3,15,30,2,2,2,45,55,0,0,0,0,0,0,0,0,0,0,0,0,0,0,0,0,0,0,0,0,0,13.188,8.947,3,88,B,NCTL,D,-0.000342632,-0.002850573,1.6
2023-wimbledon-1701,Carlos Alcaraz,Novak Djokovic,1:25:13,2,8,101,0,1,4,3,15,40,2,2,2,45,56,2,0,0,0,0,0,0,0,0,1,0,1,0,0,0,0,0,0,0,0,0,5.991,3.844,1,91,BC,NCTL,D,-0.173539494,-0.176390067,1.2
2023-wimbledon-1701,Carlos Alcaraz,Novak Djokovic,1:26:03,2,9,102,0,1,4,4,0,0,1,1,2,45,57,0,0,0,0,0,0,0,0,0,1,0,0,0,0,0,0,0,0,0,0,0,5.136,7.151,2,124,C,NCTL,ND,-0.173539494,-0.34992956,0.6
2023-wimbledon-1701,Carlos Alcaraz,Novak Djokovic,1:26:31,2,9,103,0,1,4,4,0,15,1,2,1,46,57,0,0,0,0,1,0,F,0,0,0,0,0,0,0,0,0,0,0,0,0,0,21.813,24.744,7,108,C,NCTL,ND,-0.000342632,-0.350272192,1
2023-wimbledon-1701,Carlos Alcaraz,Novak Djokovic,1:28:01,2,9,104,0,1,4,4,15,15,1,1,1,47,57,0,0,1,0,1,0,0,0,0,0,0,0,0,0,0,0,0,0,0,0,0,4.555,4.901,1,116,W,CTL,D,0.167197955,-0.183074238,1.4
2023-wimbledon-1701,Carlos Alcaraz,Novak Djokovic,1:28:26,2,9,105,0,1,4,4,30,15,1,1,1,48,57,0,0,0,0,0,0,0,0,0,0,0,0,0,0,0,0,0,0,0,0,0,24.445,27.729,5,114,C,NCTL,ND,-0.000342632,-0.18341687,1.8
2023-wimbledon-1701,Carlos Alcaraz,Novak Djokovic,1:29:17,2,9,106,0,1,4,4,40,15,1,2,1,49,57,1,0,0,0,0,0,0,0,0,0,0,0,0,0,0,0,0,0,0,0,0,7.039,5.74,1,109,W,CTL,ND,-0.000342632,-0.183759502,2.2
2023-wimbledon-1701,Carlos Alcaraz,Novak Djokovic,1:31:34,2,10,107,0,1,5,4,0,0,2,1,1,50,57,0,0,0,0,0,0,0,0,0,0,1,0,0,0,0,0,0,0,0,0,0,9.818,8.185,2,125,C,CTL,D,0.173643091,-0.010116411,2.8
2023-wimbledon-1701,Carlos Alcaraz,Novak Djokovic,1:32:06,2,10,108,0,1,5,4,15,0,2,1,2,50,58,0,0,0,0,0,0,0,0,0,1,0,0,1,0,1,0,0,0,0,0,0,22.897,21.393,5,119,C,NCTL,ND,-0.344463946,-0.354580357,2.4
2023-wimbledon-1701,Carlos Alcaraz,Novak Djokovic,1:32:50,2,10,109,0,1,5,4,15,15,2,1,2,50,59,0,0,0,0,0,0,0,0,0,0,0,0,0,0,0,0,0,0,0,0,0,38.314,9.701,3,109,W,NCTL,ND,-0.000342632,-0.354922989,2
2023-wimbledon-1701,Carlos Alcaraz,Novak Djokovic,1:33:21,2,10,110,0,1,5,4,15,30,2,1,1,51,59,0,0,0,0,0,0,0,0,0,0,0,0,0,0,0,0,0,0,0,0,0,31.111,23.964,8,115,C,NCTL,ND,-0.000342632,-0.355265621,2.6
2023-wimbledon-1701,Carlos Alcaraz,Novak Djokovic,1:35:06,2,10,111,0,1,5,4,30,30,2,1,2,51,60,0,0,0,0,0,0,0,0,0,1,0,0,0,0,0,0,0,0,0,0,0,11.433,8.411,3,113,BW,NCTL,ND,-0.173539494,-0.528805115,2.2
2023-wimbledon-1701,Carlos Alcaraz,Novak Djokovic,1:35:40,2,10,112,0,1,5,4,30,40,2,1,1,52,60,0,0,0,0,0,0,0,0,0,0,0,0,0,0,0,0,0,0,0,0,0,15.698,11.503,4,123,BW,NCTL,ND,-0.000342632,-0.529147747,2.8
2023-wimbledon-1701,Carlos Alcaraz,Novak Djokovic,1:36:21,2,10,113,0,1,5,4,40,40,2,1,2,52,61,0,0,0,0,0,0,0,0,0,1,0,0,0,0,0,0,0,0,0,0,0,46.149,41.892,13,115,BW,NCTL,ND,-0.173539494,-0.702687241,2.4
2023-wimbledon-1701,Carlos Alcaraz,Novak Djokovic,1:37:19,2,10,114,0,1,5,4,40,AD,2,2,2,52,62,2,0,0,0,0,0,0,0,0,0,0,0,0,0,0,0,0,0,0,0,0,44.282,51.118,9,85,B,NCTL,D,-0.000342632,-0.703029873,2
2023-wimbledon-1701,Carlos Alcaraz,Novak Djokovic,1:38:38,2,11,115,0,1,5,5,0,0,1,2,2,52,63,0,0,0,0,0,0,0,0,0,1,0,0,0,0,0,0,0,0,0,0,0,15.082,12.785,4,106,BW,NCTL,D,-0.173539494,-0.876569366,1.4
2023-wimbledon-1701,Carlos Alcaraz,Novak Djokovic,1:39:23,2,11,116,0,1,5,5,0,15,1,2,1,53,63,0,0,0,0,0,0,0,0,0,0,0,0,0,0,0,0,0,0,0,0,0,51.171,77.904,15,101,BW,NCTL,ND,-0.000342632,-0.876911998,1.8
2023-wimbledon-1701,Carlos Alcaraz,Novak Djokovic,1:40:32,2,11,117,0,1,5,5,15,15,1,1,1,54,63,0,0,0,0,0,0,0,0,0,0,0,0,0,0,0,0,0,0,0,0,0,8.185,5.147,1,110,W,CTL,D,-0.000342632,-0.87725463,2.2
2023-wimbledon-1701,Carlos Alcaraz,Novak Djokovic,1:41:01,2,11,118,0,1,5,5,30,15,1,1,1,55,63,0,0,0,0,0,0,0,0,0,0,0,0,0,0,0,0,0,0,0,0,0,2.423,2.431,1,132,B,NCTL,D,-0.000342632,-0.877597262,2.6
2023-wimbledon-1701,Carlos Alcaraz,Novak Djokovic,1:41:28,2,11,119,0,1,5,5,40,15,1,1,1,56,63,1,0,0,0,0,0,0,0,0,0,0,0,0,0,0,0,0,0,0,0,0,11.46,11.333,1,126,C,CTL,ND,-0.000342632,-0.877939894,3
2023-wimbledon-1701,Carlos Alcaraz,Novak Djokovic,1:43:24,2,12,120,0,1,6,5,0,0,2,1,2,56,64,0,0,0,0,0,1,B,0,0,0,0,0,0,0,0,0,0,0,0,0,0,26.376,15.557,5,122,C,CTL,ND,-0.000342632,-0.878282526,2.6
2023-wimbledon-1701,Carlos Alcaraz,Novak Djokovic,1:44:03,2,12,121,0,1,6,5,0,15,2,2,1,57,64,0,0,0,0,0,0,0,0,1,0,1,0,0,0,0,0,0,0,0,0,0,12.01,7.658,0,,C,CTL,ND,0.336603383,-0.541679143,3.2
2023-wimbledon-1701,Carlos Alcaraz,Novak Djokovic,1:45:02,2,12,122,0,1,6,5,15,15,2,2,2,57,65,0,0,0,0,0,0,0,0,0,0,0,0,0,0,0,0,0,0,0,0,0,4.405,3.63,1,103,BW,NCTL,D,-0.000342632,-0.542021775,2.8
2023-wimbledon-1701,Carlos Alcaraz,Novak Djokovic,1:45:46,2,12,123,0,1,6,5,15,30,2,1,1,58,65,0,0,0,0,0,0,0,0,0,0,1,0,0,0,0,0,0,0,0,0,0,57.365,26.817,8,122,C,NCTL,D,0.173643091,-0.368378685,3.4
2023-wimbledon-1701,Carlos Alcaraz,Novak Djokovic,1:46:31,2,12,124,0,1,6,5,30,30,2,1,2,58,66,0,0,0,0,0,0,0,0,0,0,0,0,0,0,0,0,0,0,0,0,0,20.863,8.984,1,123,C,NCTL,D,-0.000342632,-0.368721317,3
2023-wimbledon-1701,Carlos Alcaraz,Novak Djokovic,1:46:59,2,12,125,0,1,6,5,30,40,2,1,2,58,67,2,0,0,0,0,0,0,0,0,0,0,0,0,0,0,0,0,0,0,0,0,9.221,4.985,1,121,C,NCTL,D,-0.000342632,-0.369063949,2.6
2023-wimbledon-1701,Carlos Alcaraz,Novak Djokovic,1:47:38,2,13,126,0,1,6,6,0,0,1,2,2,58,68,0,0,0,0,0,0,0,0,0,1,0,0,0,0,0,0,0,0,0,0,0,18.221,19.372,4,106,BC,NCTL,D,-0.173539494,-0.542603442,2
2023-wimbledon-1701,Carlos Alcaraz,Novak Djokovic,1:48:37,2,13,127,0,1,6,6,0,1,2,1,2,58,69,0,0,0,0,0,0,0,0,0,0,0,0,0,0,0,0,0,0,0,0,0,14.208,9.977,1,118,C,NCTL,D,-0.000342632,-0.542946075,1.6
2023-wimbledon-1701,Carlos Alcaraz,Novak Djokovic,1:49:07,2,13,128,0,1,6,6,0,2,2,1,2,58,70,0,0,0,0,0,0,0,0,0,0,0,0,0,0,0,0,0,0,0,0,0,7.534,5.259,1,124,C,NCTL,ND,-0.000342632,-0.543288707,1.2
2023-wimbledon-1701,Carlos Alcaraz,Novak Djokovic,1:49:43,2,13,129,0,1,6,6,0,3,1,1,1,59,70,0,0,0,0,0,0,0,0,0,0,0,0,0,0,0,0,0,0,0,0,0,3.906,7.066,1,128,W,CTL,D,-0.000342632,-0.543631339,1.6
2023-wimbledon-1701,Carlos Alcaraz,Novak Djokovic,1:50:07,2,13,130,0,1,6,6,1,3,1,1,1,60,70,0,0,1,0,1,0,0,0,0,0,0,0,0,0,0,0,0,0,0,0,0,0.88,0.917,1,109,W,CTL,,0.167197955,-0.376433384,2
2023-wimbledon-1701,Carlos Alcaraz,Novak Djokovic,1:50:45,2,13,131,0,1,6,6,2,3,2,1,1,61,70,0,0,0,0,0,0,0,0,0,0,1,0,0,0,0,0,0,0,0,0,0,17.479,7.601,2,123,W,CTL,ND,0.173643091,-0.202790293,2.6
2023-wimbledon-1701,Carlos Alcaraz,Novak Djokovic,1:51:49,2,13,132,0,1,6,6,3,3,2,1,2,61,71,0,0,0,0,0,0,0,0,0,0,0,0,0,0,0,0,0,0,0,0,0,25.206,13.676,5,122,C,NCTL,ND,-0.000342632,-0.203132925,2.2
2023-wimbledon-1701,Carlos Alcaraz,Novak Djokovic,1:52:29,2,13,133,0,1,6,6,3,4,1,2,1,62,71,0,0,0,0,1,0,F,0,0,0,0,0,0,0,0,0,0,0,0,0,0,7.205,9.965,3,101,W,CTL,ND,-0.000342632,-0.203475557,2.6
2023-wimbledon-1701,Carlos Alcaraz,Novak Djokovic,1:53:15,2,13,134,0,1,6,6,4,4,1,1,1,63,71,0,0,0,0,1,0,F,0,0,0,0,0,0,0,0,0,0,0,0,0,0,49.102,57.632,13,128,C,NCTL,ND,-0.000342632,-0.203818189,3
2023-wimbledon-1701,Carlos Alcaraz,Novak Djokovic,1:54:58,2,13,135,0,1,6,6,5,4,2,2,2,63,72,0,0,0,0,0,0,0,0,0,0,0,1,0,0,0,0,0,0,0,0,0,19.692,21.44,5,112,BC,NCTL,ND,-0.000342632,-0.204160821,2.6
2023-wimbledon-1701,Carlos Alcaraz,Novak Djokovic,1:56:00,2,13,136,0,1,6,6,5,5,2,1,2,63,73,0,0,0,0,0,1,B,0,0,0,0,1,0,0,0,0,0,0,0,0,0,56.398,56.597,17,121,C,NCTL,D,-0.000342632,-0.204503453,2.2
2023-wimbledon-1701,Carlos Alcaraz,Novak Djokovic,1:57:02,2,13,137,0,1,6,6,5,6,1,1,1,64,73,0,0,0,0,0,0,0,0,0,0,1,0,0,0,0,0,0,0,0,0,0,22.045,10.921,3,120,W,NCTL,D,0.173643091,-0.030860363,2.6
2023-wimbledon-1701,Carlos Alcaraz,Novak Djokovic,1:58:15,2,13,138,0,1,6,6,6,6,1,2,1,65,73,0,0,0,0,0,0,0,0,0,0,1,0,0,0,0,0,0,0,0,0,0,10.338,11.191,3,97,BC,CTL,ND,0.173643091,0.142782728,3
2023-wimbledon-1701,Carlos Alcaraz,Novak Djokovic,1:59:06,2,13,139,0,1,6,6,7,6,2,1,1,66,73,1,1,0,0,1,0,B,0,0,0,0,0,1,0,0,0,0,0,0,0,0,5.329,5.955,2,118,W,CTL,D,-0.000342632,0.142440096,3.6
2023-wimbledon-1701,Carlos Alcaraz,Novak Djokovic,2:02:01,3,1,140,1,1,0,0,0,0,2,1,1,67,73,0,0,0,0,0,0,0,0,0,0,1,0,0,0,0,0,0,0,0,0,0,14.737,7.867,2,106,W,CTL,D,0.173643091,0.173643091,0.6
2023-wimbledon-1701,Carlos Alcaraz,Novak Djokovic,2:02:31,3,1,141,1,1,0,0,15,0,2,1,2,67,74,0,0,0,0,0,0,0,0,0,1,0,0,0,0,0,0,0,0,0,0,0,48.376,52.512,13,121,W,NCTL,D,-0.173539494,0.000103597,0.2
2023-wimbledon-1701,Carlos Alcaraz,Novak Djokovic,2:03:20,3,1,142,1,1,0,0,15,15,2,1,2,67,75,0,0,0,1,0,1,0,0,0,0,0,0,0,0,0,0,0,0,0,0,0,6.161,4.586,1,110,W,CTL,,-0.167313837,-0.16721024,-0.2
2023-wimbledon-1701,Carlos Alcaraz,Novak Djokovic,2:04:02,3,1,143,1,1,0,0,15,30,2,1,1,68,75,0,0,0,0,1,0,B,0,0,0,0,0,0,0,0,0,0,0,0,0,0,21.503,16.386,6,123,W,NCTL,ND,-0.000342632,-0.167552872,0.4
2023-wimbledon-1701,Carlos Alcaraz,Novak Djokovic,2:04:40,3,1,144,1,1,0,0,30,30,2,1,1,69,75,0,0,0,0,0,0,0,0,0,0,0,1,0,1,0,0,0,0,0,0,0,61.566,40.594,10,109,W,CTL,ND,0.169764682,0.00221181,1
2023-wimbledon-1701,Carlos Alcaraz,Novak Djokovic,2:05:29,3,1,145,1,1,0,0,40,30,2,2,2,69,76,0,0,0,0,0,0,0,0,0,1,0,0,0,0,0,1,0,0,0,1,0,6.133,5.221,1,91,W,CTL,D,-0.335050879,-0.332839068,0.6
2023-wimbledon-1701,Carlos Alcaraz,Novak Djokovic,2:06:14,3,1,146,1,1,0,0,40,40,2,1,1,70,76,0,0,0,0,1,0,B,0,0,0,0,0,1,0,0,0,0,0,0,0,0,40.155,39.991,12,125,B,NCTL,ND,-0.000342632,-0.333181701,1.2
2023-wimbledon-1701,Carlos Alcaraz,Novak Djokovic,2:07:43,3,1,147,1,1,0,0,AD,40,2,2,1,71,76,1,0,0,0,0,0,0,0,0,0,1,0,0,0,0,1,0,1,0,0,0,17.37,16.764,4,83,B,NCTL,ND,0.338486123,0.005304423,1.8
2023-wimbledon-1701,Carlos Alcaraz,Novak Djokovic,2:09:21,3,2,148,1,1,1,0,0,0,1,1,2,71,77,0,0,0,0,0,0,0,0,0,1,0,0,0,0,0,0,0,0,0,0,0,82.852,81.82,18,113,BW,NCTL,,-0.173539494,-0.168235071,1.2
2023-wimbledon-1701,Carlos Alcaraz,Novak Djokovic,2:10:13,3,2,149,1,1,1,0,0,15,1,1,1,72,77,0,0,0,0,0,0,0,0,0,0,0,0,0,0,0,0,0,0,0,0,0,6.12,8.534,1,120,C,NCTL,ND,-0.000342632,-0.168577703,1.6
2023-wimbledon-1701,Carlos Alcaraz,Novak Djokovic,2:10:37,3,2,150,1,1,1,0,15,15,1,1,1,73,77,0,0,0,0,0,0,0,0,0,0,0,0,0,0,0,0,0,0,0,0,0,4.728,7.153,1,120,BC,CTL,D,-0.000342632,-0.168920335,2
2023-wimbledon-1701,Carlos Alcaraz,Novak Djokovic,2:11:03,3,2,151,1,1,1,0,30,15,1,2,1,74,77,0,0,0,0,0,0,0,0,0,0,1,0,0,0,0,0,0,0,0,0,0,12.798,9.835,3,91,BW,NCTL,D,0.173643091,0.004722756,2.4
2023-wimbledon-1701,Carlos Alcaraz,Novak Djokovic,2:11:49,3,2,152,1,1,1,0,40,15,1,2,2,74,78,0,0,0,0,0,0,0,0,0,1,0,0,0,0,0,0,0,0,0,0,0,17.795,20.948,4,96,B,NCTL,D,-0.173539494,-0.168816738,1.8
2023-wimbledon-1701,Carlos Alcaraz,Novak Djokovic,2:12:32,3,2,153,1,1,1,0,40,30,1,1,1,75,78,1,0,0,0,0,0,0,0,0,0,0,0,0,0,0,0,0,0,0,0,0,5.943,9.73,1,126,B,NCTL,ND,-0.000342632,-0.16915937,2.2
2023-wimbledon-1701,Carlos Alcaraz,Novak Djokovic,2:13:01,3,3,154,1,1,2,0,0,0,2,1,2,75,79,0,0,0,0,0,0,0,0,0,0,0,0,0,0,0,0,0,0,0,0,0,5.689,4.021,1,120,C,NCTL,ND,-0.000342632,-0.169502002,1.8
2023-wimbledon-1701,Carlos Alcaraz,Novak Djokovic,2:13:21,3,3,155,1,1,2,0,0,15,2,1,1,76,79,0,0,0,0,1,0,F,0,0,0,0,1,0,1,0,0,0,0,0,0,0,59.146,47.871,16,120,W,NCTL,D,0.169764682,0.00026268,2.4
2023-wimbledon-1701,Carlos Alcaraz,Novak Djokovic,2:14:16,3,3,156,1,1,2,0,15,15,2,1,1,77,79,0,0,0,0,0,0,0,0,0,0,1,0,0,0,0,0,0,0,0,0,0,22.259,21.156,6,120,C,NCTL,D,0.173643091,0.173905771,3
2023-wimbledon-1701,Carlos Alcaraz,Novak Djokovic,2:14:54,3,3,157,1,1,2,0,30,15,2,2,2,77,80,0,0,0,0,0,0,0,0,0,0,0,0,1,0,1,0,0,0,0,0,0,50.638,36.217,11,101,BW,CTL,ND,-0.171267084,0.002638686,2.6
2023-wimbledon-1701,Carlos Alcaraz,Novak Djokovic,2:16:00,3,3,158,1,1,2,0,30,30,2,1,2,77,81,0,0,0,0,0,0,0,0,0,0,0,0,0,0,0,0,0,0,0,0,0,10.845,5.871,1,115,W,CTL,D,-0.000342632,0.002296054,2.2
2023-wimbledon-1701,Carlos Alcaraz,Novak Djokovic,2:16:45,3,3,159,1,1,2,0,30,40,2,2,2,77,82,2,0,0,0,0,0,0,0,0,0,0,0,0,0,0,0,0,0,0,0,0,6.171,4.287,1,109,BC,NCTL,ND,-0.000342632,0.001953422,1.8
2023-wimbledon-1701,Carlos Alcaraz,Novak Djokovic,2:19:00,3,4,160,1,1,2,1,0,0,1,1,1,78,82,0,0,0,0,0,0,0,0,0,0,1,0,0,0,0,0,0,0,0,0,0,36.011,77.318,11,115,W,CTL,ND,0.173643091,0.175596513,2.2
2023-wimbledon-1701,Carlos Alcaraz,Novak Djokovic,2:19:40,3,4,161,1,1,2,1,15,0,1,1,2,78,83,0,0,0,0,0,0,0,0,0,1,0,1,0,0,0,0,0,0,0,0,0,9.308,12.899,2,114,C,NCTL,ND,-0.173539494,0.002057019,1.6
2023-wimbledon-1701,Carlos Alcaraz,Novak Djokovic,2:20:07,3,4,162,1,1,2,1,15,15,1,1,2,78,84,0,0,0,0,0,0,0,0,0,1,0,1,0,0,0,0,0,0,0,0,0,15.465,16.482,4,113,BC,NCTL,ND,-0.173539494,-0.171482475,1
2023-wimbledon-1701,Carlos Alcaraz,Novak Djokovic,2:20:41,3,4,163,1,1,2,1,15,30,1,2,2,78,85,0,0,0,0,0,0,0,0,0,1,0,0,0,0,0,0,0,0,0,0,0,33.253,33.692,10,102,BW,NCTL,ND,-0.173539494,-0.345021968,0.4
2023-wimbledon-1701,Carlos Alcaraz,Novak Djokovic,2:21:37,3,4,164,1,1,2,1,15,40,1,2,1,79,85,0,0,0,0,0,0,0,0,0,0,1,0,0,0,0,0,1,0,0,0,1,30.944,34.291,9,102,BC,NCTL,ND,0.334548774,-0.010473195,0.8
2023-wimbledon-1701,Carlos Alcaraz,Novak Djokovic,2:22:32,3,4,165,1,1,2,1,30,40,1,2,1,80,85,0,0,0,0,1,0,0,0,0,0,0,0,0,0,0,0,1,0,0,0,1,1.526,1.532,1,112,BC,NCTL,,0.160563051,0.150089856,1.2
2023-wimbledon-1701,Carlos Alcaraz,Novak Djokovic,2:23:42,3,4,166,1,1,2,1,40,40,1,2,1,81,85,0,0,0,0,1,0,F,0,0,0,0,1,0,1,0,0,0,0,0,0,0,11.614,10.625,3,97,C,NCTL,ND,0.169764682,0.319854538,1.6
2023-wimbledon-1701,Carlos Alcaraz,Novak Djokovic,2:24:29,3,4,167,1,1,2,1,AD,40,1,1,1,82,85,1,0,0,0,0,0,0,0,0,0,0,0,0,0,0,0,0,0,0,0,0,7.867,6.42,1,128,C,NCTL,D,-0.000342632,0.319511906,2
2023-wimbledon-1701,Carlos Alcaraz,Novak Djokovic,2:26:08,3,5,168,1,1,3,1,0,0,2,1,1,83,85,0,0,0,0,0,0,0,0,0,0,0,0,1,0,0,0,0,0,0,0,0,11.662,11.26,2,109,W,NCTL,,-0.000342632,0.319169274,2.6
2023-wimbledon-1701,Carlos Alcaraz,Novak Djokovic,2:26:35,3,5,169,1,1,3,1,15,0,2,2,2,83,86,0,0,0,0,0,0,0,0,0,0,0,0,0,0,0,0,0,0,0,0,0,5.66,5.121,1,109,BC,NCTL,D,-0.000342632,0.318826642,2.2
2023-wimbledon-1701,Carlos Alcaraz,Novak Djokovic,2:27:11,3,5,170,1,1,3,1,15,15,2,2,2,83,87,0,0,0,0,0,0,0,0,0,0,0,0,0,0,0,0,0,0,0,0,0,11.628,10.26,3,87,BC,NCTL,D,-0.000342632,0.31848401,1.8
2023-wimbledon-1701,Carlos Alcaraz,Novak Djokovic,2:28:31,3,5,171,1,1,3,1,15,30,2,2,2,83,88,0,0,0,0,0,1,B,0,0,0,0,0,1,0,1,0,0,0,0,0,0,22.347,20.587,5,84,BW,NCTL,ND,-0.171267084,0.147216926,1.4
2023-wimbledon-1701,Carlos Alcaraz,Novak Djokovic,2:29:41,3,5,172,1,1,3,1,15,40,2,2,1,84,88,0,0,0,0,1,0,F,0,0,0,0,1,0,1,0,0,0,0,0,0,0,14.057,10.284,4,92,C,NCTL,ND,0.169764682,0.316981608,2
2023-wimbledon-1701,Carlos Alcaraz,Novak Djokovic,2:30:22,3,5,173,1,1,3,1,30,40,2,1,1,85,88,0,0,0,0,0,0,0,0,0,0,1,0,0,0,0,0,0,0,0,0,0,10.594,9.202,2,118,BW,NCTL,ND,0.173643091,0.490624698,2.6
2023-wimbledon-1701,Carlos Alcaraz,Novak Djokovic,2:30:52,3,5,174,1,1,3,1,40,40,2,2,2,85,89,0,0,0,0,0,1,F,0,0,0,0,0,1,0,1,0,0,0,0,0,0,8.528,5.6,3,98,C,NCTL,ND,-0.171267084,0.319357614,2.2
2023-wimbledon-1701,Carlos Alcaraz,Novak Djokovic,2:31:32,3,5,175,1,1,3,1,40,AD,2,2,1,86,89,0,0,0,0,0,0,0,0,0,0,0,0,0,0,0,0,0,0,0,0,0,49.295,41.442,12,93,B,NCTL,ND,-0.000342632,0.319014982,2.8
2023-wimbledon-1701,Carlos Alcaraz,Novak Djokovic,2:32:34,3,5,176,1,1,3,1,40,40,2,1,2,86,90,0,0,0,0,0,1,B,0,0,0,0,0,0,0,0,0,0,0,0,0,0,30.711,22.401,9,110,W,CTL,ND,-0.000342632,0.31867235,2.4
2023-wimbledon-1701,Carlos Alcaraz,Novak Djokovic,2:33:15,3,5,177,1,1,3,1,40,AD,2,1,1,87,90,0,0,0,0,0,0,0,0,0,0,1,0,0,0,0,0,0,0,0,0,0,17.179,9.529,2,115,BW,CTL,ND,0.173643091,0.49231544,3
2023-wimbledon-1701,Carlos Alcaraz,Novak Djokovic,2:34:06,3,5,178,1,1,3,1,40,40,2,1,1,88,90,0,0,0,0,0,0,0,0,0,0,1,0,0,0,0,0,0,0,0,0,0,12.06,8.731,2,120,C,NCTL,D,0.173643091,0.665958531,3.6
2023-wimbledon-1701,Carlos Alcaraz,Novak Djokovic,2:34:44,3,5,179,1,1,3,1,AD,40,2,1,2,88,91,0,0,0,0,0,0,0,0,0,0,0,0,0,0,0,1,0,0,0,1,0,23.133,17.896,5,122,C,NCTL,D,-0.161854017,0.504104514,3.2
2023-wimbledon-1701,Carlos Alcaraz,Novak Djokovic,2:35:17,3,5,180,1,1,3,1,40,40,2,2,2,88,92,0,0,0,0,0,1,F,0,0,0,0,0,0,0,0,0,0,0,0,0,0,19.597,19.454,7,105,B,NCTL,ND,-0.000342632,0.503761882,2.8
2023-wimbledon-1701,Carlos Alcaraz,Novak Djokovic,2:36:24,3,5,181,1,1,3,1,40,AD,2,1,1,89,92,0,0,0,0,0,0,0,0,0,0,1,0,0,0,0,0,0,0,0,0,0,16.92,13.841,4,109,C,NCTL,ND,0.173643091,0.677404972,3.4
2023-wimbledon-1701,Carlos Alcaraz,Novak Djokovic,2:38:07,3,5,182,1,1,3,1,40,40,2,2,1,90,92,0,0,0,0,0,0,0,0,1,0,1,0,0,0,0,0,0,0,0,0,0,4.841,3.234,0,,W,CTL,ND,0.336603383,1.014008355,4
2023-wimbledon-1701,Carlos Alcaraz,Novak Djokovic,2:38:49,3,5,183,1,1,3,1,AD,40,2,1,2,90,93,0,0,0,0,0,0,0,0,0,0,0,0,0,0,0,1,0,0,0,1,0,26.683,28.15,7,118,W,NCTL,D,-0.161854017,0.852154338,3.6
2023-wimbledon-1701,Carlos Alcaraz,Novak Djokovic,2:39:29,3,5,184,1,1,3,1,40,40,2,1,2,90,94,0,0,0,0,0,1,F,0,0,0,0,0,1,0,1,0,0,0,0,0,0,32.655,18.565,7,120,C,NCTL,ND,-0.171267084,0.680887254,3.2
2023-wimbledon-1701,Carlos Alcaraz,Novak Djokovic,2:40:07,3,5,185,1,1,3,1,40,AD,2,2,1,91,94,0,0,0,0,0,0,0,0,0,0,0,0,0,0,0,0,0,0,0,0,0,9.576,7.279,2,89,BW,NCTL,ND,-0.000342632,0.680544622,3.8
2023-wimbledon-1701,Carlos Alcaraz,Novak Djokovic,2:41:01,3,5,186,1,1,3,1,40,40,2,2,1,92,94,0,0,0,0,0,0,0,0,0,0,1,0,0,0,0,0,0,0,0,0,0,49.941,49.722,14,111,BW,NCTL,ND,0.173643091,0.854187712,4.4
2023-wimbledon-1701,Carlos Alcaraz,Novak Djokovic,2:42:05,3,5,187,1,1,3,1,AD,40,2,1,2,92,95,0,0,0,0,0,0,0,0,0,0,0,0,1,0,1,1,0,0,0,1,0,15.414,12.083,3,117,C,NCTL,ND,-0.332778469,0.521409243,4
2023-wimbledon-1701,Carlos Alcaraz,Novak Djokovic,2:42:38,3,5,188,1,1,3,1,40,40,2,1,2,92,96,0,0,0,0,0,0,0,0,0,1,0,0,0,0,0,0,0,0,0,0,0,21.307,19.946,5,122,C,NCTL,ND,-0.173539494,0.347869749,3.6
2023-wimbledon-1701,Carlos Alcaraz,Novak Djokovic,2:43:11,3,5,189,1,1,3,1,40,AD,2,1,1,93,96,0,0,0,0,0,0,0,0,0,0,1,0,0,0,0,0,0,0,0,0,0,39.681,33.505,10,120,BC,NCTL,ND,0.173643091,0.52151284,4.2
2023-wimbledon-1701,Carlos Alcaraz,Novak Djokovic,2:44:03,3,5,190,1,1,3,1,40,40,2,2,1,94,96,0,0,0,0,0,0,0,0,0,0,0,0,0,0,0,0,0,0,0,0,0,32.354,34.417,8,93,B,NCTL,ND,-0.000342632,0.521170208,4.8
2023-wimbledon-1701,Carlos Alcaraz,Novak Djokovic,2:45:06,3,5,191,1,1,3,1,AD,40,2,1,2,94,97,0,0,0,0,0,0,0,0,0,0,0,0,1,0,1,1,0,0,0,1,0,18.119,15.185,3,122,W,CTL,,-0.332778469,0.188391738,4.4
2023-wimbledon-1701,Carlos Alcaraz,Novak Djokovic,2:45:39,3,5,192,1,1,3,1,40,40,2,2,1,95,97,0,0,0,0,0,0,0,0,0,0,1,0,1,0,0,0,0,0,0,0,0,24.36,14.498,4,111,W,NCTL,ND,0.173643091,0.362034829,5
2023-wimbledon-1701,Carlos Alcaraz,Novak Djokovic,2:46:35,3,5,193,1,1,3,1,AD,40,2,1,2,95,98,0,0,0,0,0,0,0,0,0,0,0,0,0,0,0,1,0,0,0,1,0,8.69,5.85,1,120,C,NCTL,ND,-0.161854017,0.200180812,4.6
2023-wimbledon-1701,Carlos Alcaraz,Novak Djokovic,2:47:01,3,5,194,1,1,3,1,40,40,2,1,1,96,98,0,0,0,0,0,0,0,0,0,0,0,0,0,0,0,0,0,0,0,0,0,33.074,32.149,8,118,C,CTL,D,-0.000342632,0.19983818,5.2
2023-wimbledon-1701,Carlos Alcaraz,Novak Djokovic,2:47:47,3,5,195,1,1,3,1,AD,40,2,2,2,96,99,0,0,0,0,0,0,0,0,0,0,0,0,0,0,0,1,0,0,0,1,0,12.75,13.536,1,107,BC,NCTL,D,-0.161854017,0.037984163,4.8
2023-wimbledon-1701,Carlos Alcaraz,Novak Djokovic,2:48:55,3,5,196,1,1,3,1,40,40,2,2,2,96,100,0,0,0,0,0,0,0,0,0,1,0,0,0,0,0,0,0,0,0,0,0,33.545,25.644,9,102,BW,NCTL,ND,-0.173539494,-0.135555331,4.4
2023-wimbledon-1701,Carlos Alcaraz,Novak Djokovic,2:50:04,3,5,197,1,1,3,1,40,AD,2,2,1,97,100,0,0,0,0,1,0,B,0,0,0,0,0,1,0,0,0,0,0,0,0,0,41.181,29.979,10,101,BC,NCTL,ND,-0.000342632,-0.135897963,5
2023-wimbledon-1701,Carlos Alcaraz,Novak Djokovic,2:51:11,3,5,198,1,1,3,1,40,40,2,1,1,98,100,0,0,0,0,0,0,0,0,0,0,1,0,0,0,0,0,0,0,0,0,0,51.822,38.664,10,113,W,CTL,ND,0.173643091,0.037745128,5.6
2023-wimbledon-1701,Carlos Alcaraz,Novak Djokovic,2:52:06,3,5,199,1,1,3,1,AD,40,2,1,1,99,100,1,0,0,0,0,0,0,0,0,0,1,0,0,0,0,1,0,1,0,0,0,8.884,6.658,2,123,B,CTL,ND,0.338486123,0.376231251,6.2
2023-wimbledon-1701,Carlos Alcaraz,Novak Djokovic,2:54:24,3,6,200,1,1,4,1,0,0,1,1,1,100,100,0,0,0,0,0,0,0,0,0,0,0,0,0,0,0,0,0,0,0,0,0,8.389,9.606,1,129,B,NCTL,D,-0.000342632,0.375888619,6.6
2023-wimbledon-1701,Carlos Alcaraz,Novak Djokovic,2:54:45,3,6,201,1,1,4,1,15,0,1,1,1,101,100,0,0,0,0,0,0,0,0,0,0,1,0,0,0,0,0,0,0,0,0,0,22.923,24.883,5,119,C,NCTL,ND,0.173643091,0.54953171,7
2023-wimbledon-1701,Carlos Alcaraz,Novak Djokovic,2:55:21,3,6,202,1,1,4,1,30,0,1,1,1,102,100,0,0,0,0,0,0,0,0,0,0,0,0,0,0,0,0,0,0,0,0,0,3.746,3.473,1,114,BC,CTL,ND,-0.000342632,0.549189078,7.4
2023-wimbledon-1701,Carlos Alcaraz,Novak Djokovic,2:55:41,3,6,203,1,1,4,1,40,0,1,1,2,102,101,0,0,0,0,0,0,0,0,0,0,0,0,0,0,0,0,0,0,0,0,0,6.683,9.284,2,120,W,CTL,D,-0.000342632,0.548846446,6.8
2023-wimbledon-1701,Carlos Alcaraz,Novak Djokovic,2:56:03,3,6,204,1,1,4,1,40,15,1,2,1,103,101,1,0,0,0,0,0,0,0,0,0,0,0,0,0,0,0,0,0,0,0,0,10.654,8.278,1,112,C,NCTL,D,-0.000342632,0.548503814,7.2
2023-wimbledon-1701,Carlos Alcaraz,Novak Djokovic,2:57:04,3,7,205,1,1,5,1,0,0,2,1,1,104,101,0,0,0,0,1,0,F,0,0,0,0,0,1,0,0,0,0,0,0,0,0,10.872,10.246,4,111,BW,CTL,ND,-0.000342632,0.548161182,7.8
2023-wimbledon-1701,Carlos Alcaraz,Novak Djokovic,2:57:28,3,7,206,1,1,5,1,15,0,2,2,1,105,101,0,0,0,0,1,0,F,0,0,0,0,0,0,0,0,0,0,0,0,0,0,5.061,3.435,2,108,BC,NCTL,ND,-0.000342632,0.547818549,8.4
2023-wimbledon-1701,Carlos Alcaraz,Novak Djokovic,2:58:04,3,7,207,1,1,5,1,30,0,2,1,1,106,101,0,0,0,0,0,0,0,0,0,0,1,0,1,0,0,0,0,0,0,0,0,12.479,9.074,2,118,C,NCTL,,0.173643091,0.72146164,9
2023-wimbledon-1701,Carlos Alcaraz,Novak Djokovic,2:58:24,3,7,208,1,1,5,1,40,0,2,1,2,106,102,0,0,0,0,0,0,0,0,0,0,0,0,1,0,1,1,0,0,0,1,0,4.957,5.897,1,119,BW,NCTL,D,-0.332778469,0.388683171,8.6
2023-wimbledon-1701,Carlos Alcaraz,Novak Djokovic,2:58:42,3,7,209,1,1,5,1,40,15,2,1,1,107,102,1,1,0,0,1,0,B,0,0,0,0,0,1,0,0,1,0,1,0,0,0,11.257,11.635,4,121,BC,NCTL,,0.164500401,0.553183571,9.2
2023-wimbledon-1701,Carlos Alcaraz,Novak Djokovic,3:06:09,4,1,210,2,1,0,0,0,0,1,1,2,107,103,0,0,0,0,0,0,0,0,0,0,0,0,0,0,0,0,0,0,0,0,0,17.067,18.813,4,116,BW,NCTL,ND,-0.000342632,-0.000342632,-0.6
2023-wimbledon-1701,Carlos Alcaraz,Novak Djokovic,3:06:36,4,1,211,2,1,0,0,0,15,1,2,2,107,104,0,0,0,0,0,0,0,1,0,1,0,0,0,0,0,0,0,0,0,0,0,3.792,3.847,0,,BW,CTL,,-0.336340313,-0.336682945,-1.2
2023-wimbledon-1701,Carlos Alcaraz,Novak Djokovic,3:07:16,4,1,212,2,1,0,0,0,30,1,1,1,108,104,0,0,0,0,0,0,0,0,0,0,0,0,0,0,0,0,0,0,0,0,0,5.53,6.285,1,130,C,NCTL,ND,-0.000342632,-0.337025577,-0.8
2023-wimbledon-1701,Carlos Alcaraz,Novak Djokovic,3:07:56,4,1,213,2,1,0,0,15,30,1,1,1,109,104,0,0,0,0,0,0,0,0,0,0,0,0,0,0,0,0,0,0,0,0,0,18.118,31.364,5,128,BW,CTL,ND,-0.000342632,-0.337368209,-0.4
2023-wimbledon-1701,Carlos Alcaraz,Novak Djokovic,3:08:31,4,1,214,2,1,0,0,30,30,1,1,1,110,104,0,0,0,0,0,0,0,0,0,0,0,1,0,1,0,0,0,0,0,0,0,36.133,28.944,5,118,BC,NCTL,ND,0.169764682,-0.167603527,1.11E-16
2023-wimbledon-1701,Carlos Alcaraz,Novak Djokovic,3:09:09,4,1,215,2,1,0,0,40,30,1,1,1,111,104,1,0,0,0,0,0,0,0,0,0,0,1,0,1,0,0,0,0,0,0,0,8.777,21.412,1,123,C,NCTL,ND,0.169764682,0.002161155,0.4
2023-wimbledon-1701,Carlos Alcaraz,Novak Djokovic,3:10:06,4,2,216,2,1,1,0,0,0,2,1,1,112,104,0,0,0,0,0,0,0,0,0,0,0,0,0,0,0,0,0,0,0,0,0,121.06,36.759,12,108,BW,NCTL,ND,-0.000342632,0.001818523,1
2023-wimbledon-1701,Carlos Alcaraz,Novak Djokovic,3:10:52,4,2,217,2,1,1,0,15,0,2,1,1,113,104,0,0,0,0,1,0,B,0,0,0,0,0,0,0,0,0,0,0,0,0,0,13.512,12.899,2,123,W,CTL,D,-0.000342632,0.001475891,1.6
2023-wimbledon-1701,Carlos Alcaraz,Novak Djokovic,3:11:45,4,2,218,2,1,1,0,30,0,2,1,2,113,105,0,0,0,0,0,0,0,0,0,0,0,0,1,0,1,0,0,0,0,0,0,31.47,17.893,3,121,C,NCTL,ND,-0.171267084,-0.169791194,1.2
2023-wimbledon-1701,Carlos Alcaraz,Novak Djokovic,3:12:16,4,2,219,2,1,1,0,30,15,2,2,1,114,105,0,0,0,0,1,0,F,0,0,0,0,0,0,0,0,0,0,0,0,0,0,11.387,10.959,4,90,B,NCTL,ND,-0.000342632,-0.170133826,1.8
2023-wimbledon-1701,Carlos Alcaraz,Novak Djokovic,3:13:16,4,2,220,2,1,1,0,40,15,2,2,2,114,106,0,0,0,0,0,0,0,0,0,0,0,0,0,0,0,1,0,0,0,1,0,30.656,18.453,5,105,W,CTL,ND,-0.161854017,-0.331987843,1.4
2023-wimbledon-1701,Carlos Alcaraz,Novak Djokovic,3:14:05,4,2,221,2,1,1,0,40,30,2,1,2,114,107,0,0,0,0,0,0,0,0,0,0,0,0,0,0,0,1,0,0,0,1,0,43.231,20.94,5,117,C,NCTL,D,-0.161854017,-0.49384186,1
2023-wimbledon-1701,Carlos Alcaraz,Novak Djokovic,3:14:43,4,2,222,2,1,1,0,40,40,2,1,2,114,108,0,0,0,0,0,1,F,0,0,0,0,0,1,0,1,0,0,0,0,0,0,41.1,15.414,5,124,C,CTL,ND,-0.171267084,-0.665108944,0.6
2023-wimbledon-1701,Carlos Alcaraz,Novak Djokovic,3:15:18,4,2,223,2,1,1,0,40,AD,2,2,2,114,109,2,0,0,0,0,0,0,0,0,0,0,0,0,0,0,0,0,0,0,0,0,8.022,6.599,1,107,C,NCTL,ND,-0.000342632,-0.665451576,0.2
2023-wimbledon-1701,Carlos Alcaraz,Novak Djokovic,3:16:06,4,3,224,2,1,1,1,0,0,1,2,1,115,109,0,0,0,0,0,0,0,0,0,0,0,0,0,0,0,0,0,0,0,0,0,3.852,4.127,1,111,BC,NCTL,D,-0.000342632,-0.665794208,0.6
2023-wimbledon-1701,Carlos Alcaraz,Novak Djokovic,3:16:43,4,3,225,2,1,1,1,15,0,1,2,2,115,110,0,0,0,0,0,0,0,1,0,1,0,0,0,0,0,0,0,0,0,0,0,5.689,5.561,0,,BW,CTL,ND,-0.336340313,-1.002134521,4.44E-16
2023-wimbledon-1701,Carlos Alcaraz,Novak Djokovic,3:17:19,4,3,226,2,1,1,1,15,15,1,1,1,116,110,0,0,0,0,1,0,B,0,0,0,0,1,0,1,0,0,0,0,0,0,0,12.932,13.51,5,123,C,NCTL,ND,0.169764682,-0.832369839,0.4
2023-wimbledon-1701,Carlos Alcaraz,Novak Djokovic,3:17:52,4,3,227,2,1,1,1,30,15,1,1,1,117,110,0,0,1,0,1,0,0,0,0,0,0,0,0,0,0,0,0,0,0,0,0,1.086,1.156,1,118,C,CTL,,0.167197955,-0.665171885,0.8
2023-wimbledon-1701,Carlos Alcaraz,Novak Djokovic,3:18:16,4,3,228,2,1,1,1,40,15,1,2,2,117,111,0,0,0,0,0,0,0,0,0,0,0,1,0,0,0,0,0,0,0,0,0,36.918,22.42,6,116,C,NCTL,D,-0.000342632,-0.665514517,0.2
2023-wimbledon-1701,Carlos Alcaraz,Novak Djokovic,3:19:10,4,3,229,2,1,1,1,40,30,1,2,2,117,112,0,0,0,0,0,0,0,0,0,0,0,0,0,0,0,0,0,0,0,0,0,15.274,14.373,4,98,W,CTL,D,-0.000342632,-0.665857149,-0.4
2023-wimbledon-1701,Carlos Alcaraz,Novak Djokovic,3:19:56,4,3,230,2,1,1,1,40,40,1,1,1,118,112,0,0,0,0,1,0,B,0,0,0,0,1,0,1,0,0,0,0,0,0,0,16.661,15.453,5,130,BC,CTL,ND,0.169764682,-0.496092467,5.55E-16
2023-wimbledon-1701,Carlos Alcaraz,Novak Djokovic,3:20:31,4,3,231,2,1,1,1,AD,40,1,2,2,118,113,0,0,0,0,0,0,0,1,0,1,0,0,0,0,0,0,0,0,0,0,0,2.932,2.271,0,,BC,NCTL,,-0.336340313,-0.83243278,-0.6
2023-wimbledon-1701,Carlos Alcaraz,Novak Djokovic,3:21:09,4,3,232,2,1,1,1,40,40,1,1,1,119,113,0,0,1,0,1,0,0,0,0,0,0,0,0,0,0,0,0,0,0,0,0,1.02,0.992,1,114,W,CTL,,0.167197955,-0.665234825,-0.2
2023-wimbledon-1701,Carlos Alcaraz,Novak Djokovic,3:21:39,4,3,233,2,1,1,1,AD,40,1,2,2,119,114,0,0,0,0,0,1,F,0,0,0,0,0,0,0,0,0,0,0,0,0,0,20.326,21.163,6,89,BW,NCTL,ND,-0.000342632,-0.665577457,-0.8
2023-wimbledon-1701,Carlos Alcaraz,Novak Djokovic,3:22:27,4,3,234,2,1,1,1,40,40,1,2,1,120,114,0,0,0,0,1,0,F,0,0,0,0,1,0,1,0,0,0,0,0,0,0,48.671,52.041,15,102,BW,NCTL,D,0.169764682,-0.495812775,-0.4
2023-wimbledon-1701,Carlos Alcaraz,Novak Djokovic,3:23:33,4,3,235,2,1,1,1,AD,40,1,1,1,121,114,1,0,0,0,0,0,0,0,0,0,1,0,0,0,0,0,0,0,0,0,0,16.84,13.018,3,114,BW,CTL,D,0.173643091,-0.322169684,6.66E-16
2023-wimbledon-1701,Carlos Alcaraz,Novak Djokovic,3:25:30,4,4,236,2,1,2,1,0,0,2,1,2,121,115,0,0,0,0,0,1,F,0,0,0,0,0,1,0,1,0,0,0,0,0,0,41.564,37.508,11,113,BW,NCTL,ND,-0.171267084,-0.493436769,-0.4
2023-wimbledon-1701,Carlos Alcaraz,Novak Djokovic,3:26:14,4,4,237,2,1,2,1,0,15,2,1,2,121,116,0,0,0,0,0,0,0,0,0,0,0,0,0,0,0,0,0,0,0,0,0,10.943,9.634,1,112,C,CTL,D,-0.000342632,-0.493779401,-0.8
2023-wimbledon-1701,Carlos Alcaraz,Novak Djokovic,3:26:55,4,4,238,2,1,2,1,0,30,2,2,1,122,116,0,0,0,0,1,0,F,0,0,0,0,0,1,0,0,0,0,0,0,0,0,35.75,34.032,10,95,B,NCTL,ND,-0.000342632,-0.494122033,-0.2
2023-wimbledon-1701,Carlos Alcaraz,Novak Djokovic,3:27:55,4,4,239,2,1,2,1,15,30,2,1,1,123,116,0,0,0,0,0,0,0,0,0,0,0,0,0,0,0,0,0,0,0,0,0,43.248,19.176,6,120,B,NCTL,ND,-0.000342632,-0.494464665,0.4
2023-wimbledon-1701,Carlos Alcaraz,Novak Djokovic,3:28:35,4,4,240,2,1,2,1,30,30,2,2,2,123,117,0,0,0,0,0,0,0,0,0,0,0,0,1,0,1,0,0,0,0,0,0,10.007,6.415,3,94,B,NCTL,D,-0.171267084,-0.665731749,5.55E-16
2023-wimbledon-1701,Carlos Alcaraz,Novak Djokovic,3:29:38,4,4,241,2,1,2,1,30,40,2,1,1,124,117,0,0,0,0,1,0,F,0,0,0,0,0,1,0,0,0,0,0,0,0,0,33.438,20.132,6,121,B,CTL,D,-0.000342632,-0.666074381,0.6
2023-wimbledon-1701,Carlos Alcaraz,Novak Djokovic,3:30:20,4,4,242,2,1,2,1,40,40,2,2,2,124,118,0,0,0,0,0,0,0,0,0,0,0,0,1,0,1,0,0,0,0,0,0,25.741,27.255,5,90,W,NCTL,ND,-0.171267084,-0.837341466,0.2
2023-wimbledon-1701,Carlos Alcaraz,Novak Djokovic,3:31:20,4,4,243,2,1,2,1,40,AD,2,1,2,124,119,2,0,0,0,0,1,F,0,0,0,0,0,0,0,0,0,0,0,0,0,0,36.659,32.905,9,117,BW,NCTL,ND,-0.000342632,-0.837684098,-0.2
2023-wimbledon-1701,Carlos Alcaraz,Novak Djokovic,3:32:08,4,5,244,2,1,2,2,0,0,1,2,1,125,119,0,0,0,0,0,0,0,0,0,0,0,1,0,1,0,0,0,0,0,0,0,27.334,29.792,5,100,B,NCTL,ND,0.169764682,-0.667919416,0.2
2023-wimbledon-1701,Carlos Alcaraz,Novak Djokovic,3:32:56,4,5,245,2,1,2,2,15,0,1,2,2,125,120,0,0,0,0,0,1,B,0,0,0,0,0,1,0,1,0,0,0,0,0,0,25.959,24.598,6,94,BW,NCTL,D,-0.171267084,-0.8391865,-0.4
2023-wimbledon-1701,Carlos Alcaraz,Novak Djokovic,3:33:46,4,5,246,2,1,2,2,15,15,1,1,1,126,120,0,0,0,0,0,0,0,0,0,0,1,0,0,0,0,0,0,0,0,0,0,11.339,12.646,3,122,B,CTL,D,0.173643091,-0.66554341,5.55E-16
2023-wimbledon-1701,Carlos Alcaraz,Novak Djokovic,3:34:15,4,5,247,2,1,2,2,30,15,1,1,2,126,121,0,0,0,0,0,0,0,0,0,1,0,1,0,0,0,0,0,0,0,0,0,9.536,6.996,2,119,B,NCTL,,-0.173539494,-0.839082903,-0.6
2023-wimbledon-1701,Carlos Alcaraz,Novak Djokovic,3:34:49,4,5,248,2,1,2,2,30,30,1,1,2,126,122,0,0,0,0,0,0,0,0,0,0,0,0,0,0,0,0,0,0,0,0,0,20.723,34.85,6,114,BC,NCTL,D,-0.000342632,-0.839425535,-1.2
2023-wimbledon-1701,Carlos Alcaraz,Novak Djokovic,3:35:30,4,5,249,2,1,2,2,30,40,1,2,1,127,122,0,0,0,0,0,0,0,0,0,0,1,0,0,0,0,0,1,0,0,0,1,19.694,15.593,3,100,BW,NCTL,ND,0.334548774,-0.504876762,-0.8
2023-wimbledon-1701,Carlos Alcaraz,Novak Djokovic,3:36:20,4,5,250,2,1,2,2,40,40,1,2,2,127,123,0,0,0,0,0,0,0,0,0,0,0,0,0,0,0,0,0,0,0,0,0,5.034,6.864,2,111,W,CTL,,-0.000342632,-0.505219394,-1.4
2023-wimbledon-1701,Carlos Alcaraz,Novak Djokovic,3:37:46,4,5,251,2,1,2,2,40,AD,1,1,1,128,123,0,0,0,0,1,0,F,0,0,0,0,1,0,1,0,0,1,0,0,0,1,10.476,22.59,3,126,B,NCTL,ND,0.330670365,-0.174549029,-1
2023-wimbledon-1701,Carlos Alcaraz,Novak Djokovic,3:38:20,4,5,252,2,1,2,2,40,40,1,1,2,128,124,0,0,0,0,0,0,0,0,0,0,0,0,0,0,0,0,0,0,0,0,0,13.966,19.392,4,130,C,NCTL,ND,-0.000342632,-0.174891661,-1.6
2023-wimbledon-1701,Carlos Alcaraz,Novak Djokovic,3:39:00,4,5,253,2,1,2,2,40,AD,1,1,2,128,125,2,0,0,0,0,0,0,0,0,1,0,1,0,0,0,0,1,0,1,0,0,30.007,36.614,8,122,BC,NCTL,ND,-0.337792138,-0.512683799,-2.2
2023-wimbledon-1701,Carlos Alcaraz,Novak Djokovic,3:41:07,4,6,254,2,1,2,3,0,0,2,1,2,128,126,0,0,0,0,0,0,0,0,0,1,0,0,0,0,0,0,0,0,0,0,0,24.151,9.023,3,113,W,NCTL,D,-0.173539494,-0.686223293,-2.6
2023-wimbledon-1701,Carlos Alcaraz,Novak Djokovic,3:41:33,4,6,255,2,1,2,3,0,15,2,1,1,129,126,0,0,0,0,1,0,F,0,0,0,0,0,0,0,0,0,0,0,0,0,0,29.751,22.614,8,123,BW,NCTL,ND,-0.000342632,-0.686565925,-2
2023-wimbledon-1701,Carlos Alcaraz,Novak Djokovic,3:42:14,4,6,256,2,1,2,3,15,15,2,1,2,129,127,0,0,0,0,0,1,F,0,0,0,0,0,1,0,1,0,0,0,0,0,0,23.423,9.914,3,113,W,CTL,ND,-0.171267084,-0.85783301,-2.4
2023-wimbledon-1701,Carlos Alcaraz,Novak Djokovic,3:42:43,4,6,257,2,1,2,3,15,30,2,2,2,129,128,0,0,0,0,0,0,0,0,0,0,0,0,1,0,1,0,0,0,0,0,0,45.735,48.065,11,100,B,NCTL,D,-0.171267084,-1.029100094,-2.8
2023-wimbledon-1701,Carlos Alcaraz,Novak Djokovic,3:43:42,4,6,258,2,1,2,3,15,40,2,2,1,130,128,0,0,0,0,1,0,F,0,0,0,0,0,0,0,0,0,0,0,0,0,0,18.502,21.113,6,109,BC,NCTL,D,-0.000342632,-1.029442726,-2.2
2023-wimbledon-1701,Carlos Alcaraz,Novak Djokovic,3:44:35,4,6,259,2,1,2,3,30,40,2,1,2,130,129,2,0,0,0,0,0,0,0,0,0,0,0,0,0,0,0,0,0,0,0,0,13.279,5.487,1,115,C,NCTL,ND,-0.000342632,-1.029785358,-2.6
2023-wimbledon-1701,Carlos Alcaraz,Novak Djokovic,3:45:09,4,7,260,2,1,2,4,0,0,1,1,1,131,129,0,0,0,0,1,0,B,0,0,0,0,0,0,0,0,0,0,0,0,0,0,9.736,20.942,3,125,BC,NCTL,ND,-0.000342632,-1.03012799,-2.2
2023-wimbledon-1701,Carlos Alcaraz,Novak Djokovic,3:45:38,4,7,261,2,1,2,4,15,0,1,2,2,131,130,0,0,0,0,0,1,F,0,0,0,0,0,1,0,1,0,0,0,0,0,0,17.325,18.119,6,95,B,NCTL,D,-0.171267084,-1.201395075,-2.8
2023-wimbledon-1701,Carlos Alcaraz,Novak Djokovic,3:46:36,4,7,262,2,1,2,4,15,15,1,1,1,132,130,0,0,0,0,0,0,0,0,0,0,0,0,0,0,0,0,0,0,0,0,0,3.468,4.129,1,116,BW,NCTL,ND,-0.000342632,-1.201737707,-2.4
2023-wimbledon-1701,Carlos Alcaraz,Novak Djokovic,3:47:00,4,7,263,2,1,2,4,30,15,1,2,1,133,130,0,0,0,0,0,0,0,0,0,0,1,0,0,0,0,0,0,0,0,0,0,21.731,25.33,7,121,BC,CTL,ND,0.173643091,-1.028094616,-2
2023-wimbledon-1701,Carlos Alcaraz,Novak Djokovic,3:47:46,4,7,264,2,1,2,4,40,15,1,1,1,134,130,1,0,1,0,1,0,0,0,0,0,0,0,0,0,0,0,0,0,0,0,0,0.815,0.841,1,109,W,CTL,,0.167197955,-0.860896661,-1.6
2023-wimbledon-1701,Carlos Alcaraz,Novak Djokovic,3:49:35,4,8,265,2,1,3,4,0,0,2,1,2,134,131,0,0,0,0,0,0,0,0,0,0,0,0,1,0,1,0,0,0,0,0,0,14.467,11.85,3,122,C,NCTL,ND,-0.171267084,-1.032163746,-2
2023-wimbledon-1701,Carlos Alcaraz,Novak Djokovic,3:50:02,4,8,266,2,1,3,4,0,15,2,2,2,134,132,0,0,0,0,0,0,0,0,0,0,0,0,0,0,0,0,0,0,0,0,0,45.02,36.415,9,89,BW,NCTL,D,-0.000342632,-1.032506378,-2.4
2023-wimbledon-1701,Carlos Alcaraz,Novak Djokovic,3:50:56,4,8,267,2,1,3,4,0,30,2,1,2,134,133,0,0,0,0,0,1,F,0,0,0,0,0,1,0,1,0,0,0,0,0,0,15.256,9.227,3,108,W,CTL,ND,-0.171267084,-1.203773462,-2.8
2023-wimbledon-1701,Carlos Alcaraz,Novak Djokovic,3:51:26,4,8,268,2,1,3,4,0,40,2,1,2,134,134,2,0,0,0,0,0,0,0,0,0,0,0,0,0,0,0,0,0,0,0,0,8.461,4.064,1,120,BW,CTL,ND,-0.000342632,-1.204116094,-3.2
2023-wimbledon-1701,Carlos Alcaraz,Novak Djokovic,3:52:02,4,9,269,2,1,3,5,0,0,1,1,2,134,135,0,0,0,0,0,1,B,0,0,0,0,0,0,0,0,0,0,0,0,0,0,18.748,35.124,4,123,W,CTL,,-0.000342632,-1.204458726,-3.8
2023-wimbledon-1701,Carlos Alcaraz,Novak Djokovic,3:52:30,4,9,270,2,1,3,5,0,15,1,2,2,134,136,0,0,0,0,0,0,0,1,0,1,0,0,0,0,0,0,0,0,0,0,0,1.02,0.962,0,,W,CTL,,-0.336340313,-1.540799039,-4.4
2023-wimbledon-1701,Carlos Alcaraz,Novak Djokovic,3:53:13,4,9,271,2,1,3,5,0,30,1,2,2,134,137,0,0,0,0,0,0,0,0,0,0,0,0,0,0,0,0,0,0,0,0,0,8.514,13.07,2,104,B,NCTL,ND,-0.000342632,-1.541141671,-5
2023-wimbledon-1701,Carlos Alcaraz,Novak Djokovic,3:53:55,4,9,272,2,1,3,5,0,40,1,1,1,135,137,0,0,0,0,0,0,0,0,0,0,0,0,0,0,0,0,1,0,0,0,1,5.583,7.012,1,128,C,NCTL,ND,0.160563051,-1.38057862,-4.6
2023-wimbledon-1701,Carlos Alcaraz,Novak Djokovic,3:54:19,4,9,273,2,1,3,5,15,40,1,2,2,135,138,2,2,0,0,0,0,0,1,0,1,0,0,0,0,0,0,1,0,1,0,0,3.777,4.493,0,,C,CTL,,-0.500592958,-1.881171578,-5.2
2023-wimbledon-1701,Carlos Alcaraz,Novak Djokovic,3:57:11,5,1,274,2,2,0,0,0,0,2,2,2,135,139,0,0,0,0,0,0,0,0,0,0,0,1,0,0,0,0,0,0,0,0,0,24.728,15.65,5,97,W,CTL,D,-0.000342632,-0.000342632,-0.4
2023-wimbledon-1701,Carlos Alcaraz,Novak Djokovic,3:57:58,5,1,275,2,2,0,0,0,15,2,2,2,135,140,0,0,0,0,0,0,0,0,0,1,0,0,0,0,0,0,0,0,0,0,0,28.056,22.534,7,95,B,NCTL,ND,-0.173539494,-0.173882126,-0.8
2023-wimbledon-1701,Carlos Alcaraz,Novak Djokovic,3:59:07,5,1,276,2,2,0,0,0,30,2,2,1,136,140,0,0,0,0,1,0,F,0,0,0,0,0,0,0,0,0,0,0,0,0,0,7.73,4.64,2,109,BW,NCTL,ND,-0.000342632,-0.174224758,-0.2
2023-wimbledon-1701,Carlos Alcaraz,Novak Djokovic,3:59:51,5,1,277,2,2,0,0,15,30,2,2,1,137,140,0,0,0,0,1,0,F,0,0,0,0,1,0,1,0,0,0,0,0,0,0,18.626,17.664,6,92,B,NCTL,ND,0.169764682,-0.004460076,0.4
2023-wimbledon-1701,Carlos Alcaraz,Novak Djokovic,4:00:47,5,1,278,2,2,0,0,30,30,2,1,1,138,140,0,0,0,0,1,0,B,0,0,0,0,0,1,0,0,0,0,0,0,0,0,12.669,12.304,4,123,C,NCTL,ND,-0.000342632,-0.004802708,1
2023-wimbledon-1701,Carlos Alcaraz,Novak Djokovic,4:01:49,5,1,279,2,2,0,0,40,30,2,1,2,138,141,0,0,0,0,0,0,0,0,0,0,0,0,0,0,0,1,0,0,0,1,0,8.589,6.655,1,117,C,NCTL,ND,-0.161854017,-0.166656725,0.6
2023-wimbledon-1701,Carlos Alcaraz,Novak Djokovic,4:02:19,5,1,280,2,2,0,0,40,40,2,1,2,138,142,0,0,0,0,0,0,0,0,0,0,0,0,0,0,0,0,0,0,0,0,0,7.427,4.598,1,124,C,CTL,ND,-0.000342632,-0.166999357,0.2
2023-wimbledon-1701,Carlos Alcaraz,Novak Djokovic,4:02:47,5,1,281,2,2,0,0,40,AD,2,2,1,139,142,0,0,0,0,1,0,F,0,0,0,0,0,1,0,0,0,0,0,0,0,0,57.056,52.126,14,114,BC,NCTL,D,-0.000342632,-0.167341989,0.8
2023-wimbledon-1701,Carlos Alcaraz,Novak Djokovic,4:04:02,5,1,282,2,2,0,0,40,40,2,1,2,139,143,0,0,0,0,0,0,0,0,0,0,0,0,0,0,0,0,0,0,0,0,0,2.138,1.318,1,126,C,NCTL,,-0.000342632,-0.167684621,0.4
2023-wimbledon-1701,Carlos Alcaraz,Novak Djokovic,4:04:31,5,1,283,2,2,0,0,40,AD,2,2,2,139,144,2,0,0,0,0,0,0,0,0,1,0,1,0,0,0,0,0,0,0,0,0,15.773,11.383,3,93,B,NCTL,ND,-0.173539494,-0.341224115,-2.22E-16
2023-wimbledon-1701,Carlos Alcaraz,Novak Djokovic,4:05:45,5,2,284,2,2,0,1,0,0,1,1,2,139,145,0,0,0,0,0,0,0,0,0,0,0,0,0,0,0,0,0,0,0,0,0,46.491,49.787,8,120,B,NCTL,ND,-0.000342632,-0.341566747,-0.6
2023-wimbledon-1701,Carlos Alcaraz,Novak Djokovic,4:06:36,5,2,285,2,2,0,1,0,15,1,1,1,140,145,0,0,0,0,1,0,F,0,0,0,0,0,0,0,0,0,0,0,0,0,0,19.304,43.241,5,115,BW,NCTL,ND,-0.000342632,-0.341909379,-0.2
2023-wimbledon-1701,Carlos Alcaraz,Novak Djokovic,4:07:12,5,2,286,2,2,0,1,15,15,1,2,2,140,146,0,0,0,0,0,0,0,0,0,1,0,0,0,0,0,0,0,0,0,0,0,6.127,8.362,2,95,BW,NCTL,ND,-0.173539494,-0.515448872,-0.8
2023-wimbledon-1701,Carlos Alcaraz,Novak Djokovic,4:07:59,5,2,287,2,2,0,1,15,30,1,1,1,141,146,0,0,0,0,0,0,0,0,0,0,0,0,0,0,0,0,0,0,0,0,0,11.511,19.837,3,118,C,CTL,,-0.000342632,-0.515791504,-0.4
2023-wimbledon-1701,Carlos Alcaraz,Novak Djokovic,4:08:33,5,2,288,2,2,0,1,30,30,1,2,2,141,147,0,0,0,0,0,0,0,0,0,0,0,0,0,0,0,0,0,0,0,0,0,16.367,14.441,4,93,C,NCTL,D,-0.000342632,-0.516134136,-1
2023-wimbledon-1701,Carlos Alcaraz,Novak Djokovic,4:09:19,5,2,289,2,2,0,1,30,40,1,1,1,142,147,0,0,0,0,0,0,0,0,0,0,0,0,0,0,0,0,1,0,0,0,1,70.542,65.59,17,122,BW,NCTL,ND,0.160563051,-0.355571085,-0.6
2023-wimbledon-1701,Carlos Alcaraz,Novak Djokovic,4:10:25,5,2,290,2,2,0,1,40,40,1,2,1,143,147,0,0,0,0,1,0,F,0,0,0,0,0,0,0,0,0,0,0,0,0,0,9.154,10.895,3,101,B,NCTL,ND,-0.000342632,-0.355913717,-0.2
2023-wimbledon-1701,Carlos Alcaraz,Novak Djokovic,4:11:15,5,2,291,2,2,0,1,AD,40,1,2,1,144,147,1,0,0,0,1,0,F,0,0,0,0,0,0,0,0,0,0,0,0,0,0,24.903,26.24,7,87,B,NCTL,ND,-0.000342632,-0.356256349,0.2
2023-wimbledon-1701,Carlos Alcaraz,Novak Djokovic,4:12:24,5,3,292,2,2,1,1,0,0,2,1,1,145,147,0,0,0,0,1,0,B,0,0,0,0,0,0,0,0,0,0,0,0,0,0,30.085,27.675,8,117,W,CTL,D,-0.000342632,-0.356598981,0.8
2023-wimbledon-1701,Carlos Alcaraz,Novak Djokovic,4:13:06,5,3,293,2,2,1,1,15,0,2,1,2,145,148,0,0,0,0,0,0,0,0,0,0,0,0,0,0,0,0,0,0,0,0,0,14.747,10.949,3,118,C,NCTL,ND,-0.000342632,-0.356941613,0.4
2023-wimbledon-1701,Carlos Alcaraz,Novak Djokovic,4:13:38,5,3,294,2,2,1,1,15,15,2,2,1,146,148,0,0,0,0,1,0,F,0,0,0,0,1,0,1,0,0,0,0,0,0,0,26.608,21.128,8,88,C,NCTL,ND,0.169764682,-0.187176931,1
2023-wimbledon-1701,Carlos Alcaraz,Novak Djokovic,4:14:55,5,3,295,2,2,1,1,30,15,2,1,2,146,149,0,0,0,0,0,0,0,0,0,0,0,0,0,0,0,0,0,0,0,0,0,17.807,9.745,3,125,W,CTL,ND,-0.000342632,-0.187519563,0.6
2023-wimbledon-1701,Carlos Alcaraz,Novak Djokovic,4:15:28,5,3,296,2,2,1,1,30,30,2,1,1,147,149,0,0,0,0,0,0,0,0,0,0,1,0,0,0,0,0,0,0,0,0,0,8.418,5.321,2,123,BC,NCTL,ND,0.173643091,-0.013876473,1.2
2023-wimbledon-1701,Carlos Alcaraz,Novak Djokovic,4:16:05,5,3,297,2,2,1,1,40,30,2,1,1,148,149,1,0,0,0,1,0,B,0,0,0,0,0,1,0,0,1,0,1,0,0,0,59.324,45.194,14,121,C,NCTL,D,0.164500401,0.150623928,1.8
2023-wimbledon-1701,Carlos Alcaraz,Novak Djokovic,4:18:08,5,4,298,2,2,2,1,0,0,1,1,1,149,149,0,0,0,0,0,0,0,0,0,0,0,0,0,0,0,0,0,0,0,0,0,4.242,5.111,1,110,BW,NCTL,ND,-0.000342632,0.150281296,2.2
2023-wimbledon-1701,Carlos Alcaraz,Novak Djokovic,4:18:35,5,4,299,2,2,2,1,15,0,1,1,1,150,149,0,0,0,0,0,0,0,0,0,0,0,0,0,0,0,0,0,0,0,0,0,4.133,5.952,1,119,C,NCTL,ND,-0.000342632,0.149938664,2.6
2023-wimbledon-1701,Carlos Alcaraz,Novak Djokovic,4:19:02,5,4,300,2,2,2,1,30,0,1,1,1,151,149,0,0,0,0,0,0,0,0,0,0,0,0,0,0,0,0,0,0,0,0,0,7.917,10.188,1,114,W,NCTL,D,-0.000342632,0.149596032,3
2023-wimbledon-1701,Carlos Alcaraz,Novak Djokovic,4:19:28,5,4,301,2,2,2,1,40,0,1,1,1,152,149,1,0,1,0,1,0,0,0,0,0,0,0,0,0,0,0,0,0,0,0,0,0.851,0.676,1,123,C,CTL,,0.167197955,0.316793987,3.4
2023-wimbledon-1701,Carlos Alcaraz,Novak Djokovic,4:20:10,5,5,302,2,2,3,1,0,0,2,2,2,152,150,0,0,0,0,0,0,0,0,0,0,0,0,0,0,0,0,0,0,0,0,0,3.344,3.502,1,107,B,NCTL,D,-0.000342632,0.316451355,3
2023-wimbledon-1701,Carlos Alcaraz,Novak Djokovic,4:20:49,5,5,303,2,2,3,1,0,15,2,1,2,152,151,0,0,0,0,0,0,0,0,0,0,0,0,0,0,0,0,0,0,0,0,0,8.14,5.047,1,121,W,CTL,D,-0.000342632,0.316108723,2.6
2023-wimbledon-1701,Carlos Alcaraz,Novak Djokovic,4:21:13,5,5,304,2,2,3,1,0,30,2,1,2,152,152,0,0,0,0,0,0,0,0,0,0,0,0,0,0,0,0,0,0,0,0,0,10.781,2.412,1,124,C,NCTL,,-0.000342632,0.315766091,2.2
2023-wimbledon-1701,Carlos Alcaraz,Novak Djokovic,4:21:35,5,5,305,2,2,3,1,0,40,2,2,1,153,152,0,0,0,0,0,0,0,0,0,0,1,0,0,0,0,0,0,0,0,0,0,10.657,8.966,2,100,B,NCTL,D,0.173643091,0.489409181,2.8
2023-wimbledon-1701,Carlos Alcaraz,Novak Djokovic,4:22:15,5,5,306,2,2,3,1,15,40,2,1,2,153,153,2,0,0,0,0,0,0,0,0,0,0,0,0,0,0,0,0,0,0,0,0,20.456,10.654,3,123,C,CTL,ND,-0.000342632,0.489066549,2.4
2023-wimbledon-1701,Carlos Alcaraz,Novak Djokovic,4:23:53,5,6,307,2,2,3,2,0,0,1,2,2,153,154,0,0,0,0,0,0,0,0,0,0,0,0,1,0,1,0,0,0,0,0,0,20.512,19.453,4,99,BC,NCTL,ND,-0.171267084,0.317799465,1.8
2023-wimbledon-1701,Carlos Alcaraz,Novak Djokovic,4:24:40,5,6,308,2,2,3,2,0,15,1,2,1,154,154,0,0,0,0,0,0,0,0,0,0,0,1,0,1,0,0,0,0,0,0,0,10.757,12.306,3,121,BC,NCTL,ND,0.169764682,0.487564147,2.2
2023-wimbledon-1701,Carlos Alcaraz,Novak Djokovic,4:25:26,5,6,309,2,2,3,2,15,15,1,1,2,154,155,0,0,0,0,0,0,0,0,0,0,0,0,0,0,0,0,0,0,0,0,0,13.286,22.353,2,119,BW,NCTL,ND,-0.000342632,0.487221515,1.6
2023-wimbledon-1701,Carlos Alcaraz,Novak Djokovic,4:25:55,5,6,310,2,2,3,2,15,30,1,2,1,155,155,0,0,0,0,0,0,0,0,0,0,0,0,0,0,0,0,0,0,0,0,0,4.419,6.353,1,100,B,NCTL,D,-0.000342632,0.486878883,2
2023-wimbledon-1701,Carlos Alcaraz,Novak Djokovic,4:26:37,5,6,311,2,2,3,2,30,30,1,1,1,156,155,0,0,0,0,0,0,0,0,0,0,1,0,0,0,0,0,0,0,0,0,0,14.776,13.091,3,128,BC,NCTL,D,0.173643091,0.660521973,2.4
2023-wimbledon-1701,Carlos Alcaraz,Novak Djokovic,4:27:09,5,6,312,2,2,3,2,40,30,1,1,1,157,155,1,0,1,0,1,0,0,0,0,0,0,0,0,0,0,0,0,0,0,0,0,0.766,0.767,1,123,W,CTL,,0.167197955,0.827719928,2.8
2023-wimbledon-1701,Carlos Alcaraz,Novak Djokovic,4:27:39,5,7,313,2,2,4,2,0,0,2,1,2,157,156,0,0,0,0,0,0,0,0,0,0,0,0,0,0,0,0,0,0,0,0,0,5.634,2.917,1,123,C,CTL,ND,-0.000342632,0.827377296,2.4
2023-wimbledon-1701,Carlos Alcaraz,Novak Djokovic,4:27:54,5,7,314,2,2,4,2,0,15,2,1,1,158,156,0,0,0,0,1,0,F,0,0,0,0,0,0,0,0,0,0,0,0,0,0,8.655,9.243,4,118,C,NCTL,D,-0.000342632,0.827034664,3
2023-wimbledon-1701,Carlos Alcaraz,Novak Djokovic,4:28:40,5,7,315,2,2,4,2,15,15,2,1,2,158,157,0,0,0,0,0,0,0,0,0,0,0,0,1,0,1,0,0,0,0,0,0,48.552,35.878,9,109,BW,NCTL,D,-0.171267084,0.65576758,2.6
2023-wimbledon-1701,Carlos Alcaraz,Novak Djokovic,4:29:22,5,7,316,2,2,4,2,15,30,2,1,1,159,157,0,0,0,0,1,0,F,0,0,0,0,0,1,0,0,0,0,0,0,0,0,14.99,9.497,4,115,C,CTL,ND,-0.000342632,0.655424948,3.2
2023-wimbledon-1701,Carlos Alcaraz,Novak Djokovic,4:29:59,5,7,317,2,2,4,2,30,30,2,2,2,159,158,0,0,0,0,0,1,B,0,0,0,0,0,0,0,0,0,0,0,0,0,0,14.929,7.187,3,105,W,NCTL,ND,-0.000342632,0.655082316,2.8
2023-wimbledon-1701,Carlos Alcaraz,Novak Djokovic,4:30:59,5,7,318,2,2,4,2,30,40,2,1,2,159,159,2,0,0,0,0,0,0,0,0,0,0,0,0,0,0,0,0,0,0,0,0,15.338,13.049,3,124,BW,CTL,ND,-0.000342632,0.654739684,2.4
2023-wimbledon-1701,Carlos Alcaraz,Novak Djokovic,4:32:45,5,8,319,2,2,4,3,0,0,1,1,2,159,160,0,0,0,0,0,0,0,0,0,1,0,0,0,0,0,0,0,0,0,0,0,15.451,51.222,4,112,W,CTL,D,-0.173539494,0.48120019,1.8
2023-wimbledon-1701,Carlos Alcaraz,Novak Djokovic,4:33:13,5,8,320,2,2,4,3,0,15,1,2,1,160,160,0,0,0,0,0,0,0,0,0,0,0,0,0,0,0,0,0,0,0,0,0,5.732,5.259,1,88,BW,NCTL,D,-0.000342632,0.480857558,2.2
2023-wimbledon-1701,Carlos Alcaraz,Novak Djokovic,4:33:51,5,8,321,2,2,4,3,15,15,1,2,1,161,160,0,0,0,0,0,0,0,0,0,0,0,0,0,0,0,0,0,0,0,0,0,18.146,16.37,5,99,BC,CTL,D,-0.000342632,0.480514926,2.6
2023-wimbledon-1701,Carlos Alcaraz,Novak Djokovic,4:34:38,5,8,322,2,2,4,3,30,15,1,1,1,162,160,0,0,0,0,1,0,F,0,0,0,0,0,0,0,0,0,0,0,0,0,0,9.024,13.154,3,115,C,NCTL,ND,-0.000342632,0.480172294,3
2023-wimbledon-1701,Carlos Alcaraz,Novak Djokovic,4:35:05,5,8,323,2,2,4,3,40,15,1,2,1,163,160,1,0,1,0,1,0,0,0,0,0,0,0,0,0,0,0,0,0,0,0,0,6.489,7.329,1,108,W,CTL,D,0.167197955,0.647370249,3.4
2023-wimbledon-1701,Carlos Alcaraz,Novak Djokovic,4:35:50,5,9,324,2,2,5,3,0,0,2,1,2,163,161,0,0,0,0,0,1,F,0,0,0,0,0,1,0,1,0,0,0,0,0,0,17.628,14.786,5,111,W,NCTL,ND,-0.171267084,0.476103164,3
2023-wimbledon-1701,Carlos Alcaraz,Novak Djokovic,4:36:18,5,9,325,2,2,5,3,0,15,2,1,2,163,162,0,0,0,0,0,0,0,0,0,0,0,0,0,0,0,0,0,0,0,0,0,22.495,11.196,1,110,C,NCTL,D,-0.000342632,0.475760532,2.6
2023-wimbledon-1701,Carlos Alcaraz,Novak Djokovic,4:36:44,5,9,326,2,2,5,3,0,30,2,1,2,163,163,0,0,0,0,0,0,0,0,0,0,0,0,0,0,0,0,0,0,0,0,0,8.686,7.679,1,108,W,CTL,ND,-0.000342632,0.4754179,2.2
2023-wimbledon-1701,Carlos Alcaraz,Novak Djokovic,4:37:13,5,9,327,2,2,5,3,0,40,2,1,1,164,163,0,0,0,0,0,0,0,0,0,0,0,0,0,0,0,0,0,0,0,0,0,16.135,6.657,2,123,C,NCTL,ND,-0.000342632,0.475075268,2.8
2023-wimbledon-1701,Carlos Alcaraz,Novak Djokovic,4:37:38,5,9,328,2,2,5,3,15,40,2,2,2,164,164,2,0,0,0,0,0,0,0,0,0,0,0,0,0,0,0,0,0,0,0,0,4.15,3.609,1,99,BW,NCTL,D,-0.000342632,0.474732636,2.4
2023-wimbledon-1701,Carlos Alcaraz,Novak Djokovic,4:39:31,5,10,329,2,2,5,4,0,0,1,1,2,164,165,0,0,0,0,0,0,0,0,0,1,0,0,0,0,0,0,0,0,0,0,0,6.772,10.303,2,127,C,NCTL,ND,-0.173539494,0.301193143,1.8
2023-wimbledon-1701,Carlos Alcaraz,Novak Djokovic,4:39:58,5,10,330,2,2,5,4,0,15,1,1,1,165,165,0,0,0,0,1,0,F,0,0,0,0,0,1,0,0,0,0,0,0,0,0,38.62,50.971,11,123,C,NCTL,D,-0.000342632,0.300850511,2.2
2023-wimbledon-1701,Carlos Alcaraz,Novak Djokovic,4:40:43,5,10,331,2,2,5,4,15,15,1,1,1,166,165,0,0,0,0,1,0,B,0,0,0,0,1,0,1,0,0,0,0,0,0,0,17.533,27.766,5,114,W,NCTL,ND,0.169764682,0.470615193,2.6
2023-wimbledon-1701,Carlos Alcaraz,Novak Djokovic,4:41:20,5,10,332,2,2,5,4,30,15,1,1,2,166,166,0,0,0,0,0,1,F,0,0,0,0,0,0,0,0,0,0,0,0,0,0,10.882,18.328,4,124,W,NCTL,D,-0.000342632,0.470272561,2
2023-wimbledon-1701,Carlos Alcaraz,Novak Djokovic,4:41:52,5,10,333,2,2,5,4,30,30,1,1,1,167,166,0,0,0,0,0,0,0,0,0,0,0,0,0,0,0,0,0,0,0,0,0,7.893,10.537,1,130,C,NCTL,D,-0.000342632,0.469929929,2.4
2023-wimbledon-1701,Carlos Alcaraz,Novak Djokovic,4:42:27,5,10,334,2,2,5,4,40,30,1,1,1,168,166,1,1,0,0,0,0,0,0,0,0,0,1,0,1,0,0,0,0,0,0,0,17.811,25.367,3,129,BW,NCTL,ND,0.169764682,0.639694611,2.8
